PROMOTOR-GESTOR;ACCES;TIPUS VELOCITAT;TIPUS CONNEXIÓ;LATITUD;LONGITUD;DESIGNACIÓ-DESCRIPTIVA;POTENCIA;TIPUS DE CORRENT;INDENTIFICADOR;ADREÇA;PROVINCIA;CODIPROV;MUNICIPI;NPLACES ESTACIÓ;TIPUS VEHICLE;Columna amb georeferència
z;APARCAMENT CC;NORMAL;MENNEKES.F;41321165;2027702;CC ALDI;;;;Carretera Barcelona, 84;Barcelona;8;Viladecans;4;cotxe;POINT (2.027702 41.321165)
;;semiRAPID;;4080762;52007;EdRsR Tortosa (AC22kW) PIRVEC-24;22;AC;PIRVEC-24;Carrer d'Alcanyís, 9;Tarragona;43;Tortosa;;;POINT (0.52007 40.80762)
HOTEL NH CONSTANZA;HOTEL;NORMAL;Schuko;4138455;2,13767E+15;HOTEL NH NUMANCIA;;;;Carrer de Numància, 74;Barcelona;8;Barcelona;1;;POINT (2.1376712999999654 41.38455)
B:SM Serveis Municipals;APARCAMENT PUBLIC;NORMAL;MENNEKES.F+Schuko;41394009;2115265;B:SM 20 - Marques de Mulhacen;;;BSM015;Carrer de Marquès de Mulhacén, 49-51;Barcelona;8;Barcelona;8;cotxe i moto;POINT (2.115265 41.394009)
B:SM Serveis Municipals;APARCAMENT PUBLIC;NORMAL;Schuko;414047;21896;B:SM 24 - Ona Glòries;;;BSM037;Carrer de la Ciutat de Granada, 173-175;Barcelona;8;Barcelona;4;cotxe;POINT (2.1896 41.4047)
;;semiRAPID;2xMENNEKES.F;4166519;186011;EdRsR Sant Vicenç de Castellet (AC22kW);22;AC;;Plaça Generalitat, 4;Barcelona;8;Sant Vicenç de Castellet;2;;POINT (1.86011 41.66519)
Viena, Sprinter i Norauto;APARCAMENT CC;semiRAPID i NORMAL;MENNEKES.F+Schuko;413354;168557;EdRsR CC Vilafranca del Penedés QR (AC22kW);22;AC;;Avinguda de Tarragona, 143;Barcelona;8;Vilafranca del Penedès;2;cotxe i moto;POINT (1.68557 41.3354)
Aparcament La Farola;APARCAMENT PUBLIC;NORMAL;Schuko;417287941;18245564;Aparcament La Farola;;;;Carrer de Canyelles, 5;Barcelona;8;Manresa;2;cotxe i moto;POINT (1.8245564 41.7287941)
Ajuntament de Mataró;;semiRAPID;;4154453;244115;EdRsR Mataró P Geganta (AC22kW);22;AC;;Camí de la Geganta, 82-90;Barcelona;8;Mataró;4;;POINT (2.44115 41.54453)
Ajuntament de Manresa;VIA PUBLICA;semiRAPID i NORMAL;MENNEKES.F+Schuko;4173682408;182836016;EdRsR Escola Politècnica Superior d'Enginyeria (AC22kW i 3.7kW);22;AC;;Avinguda de les bases de Manresa, 61;Barcelona;8;Manresa;1;;POINT (1.82836016 41.73682408)
CC CARREFOUR Tarragona;APARCAMENT CC;NORMAL;Schuko;4,11274E+15;1,20686E+15;CC CARREFOUR TARRAGONA;;;;Carretera de Reus, 57-59, AP-7;Tarragona;43;Tarragona;2;cotxe i moto;POINT (1.2068639695644379 41.12742844368022)
B:SM Serveis Municipals;APARCAMENT PUBLIC;NORMAL;Schuko;41401478;2156578;B:SM 56 - Plaça del Sol;;;BAMSA001;Plaça del Sol, 5;Barcelona;8;Barcelona;1;cotxe;POINT (2.156578 41.401478)
;;semiRAPID;TESLA i MENNEKES;4138966;213507;CC Illa Diagonal (22kW);22;AC;;Avinguda Diagonal 559-Carrer de Numància;Barcelona;8;Barcelona;4;;POINT (2.13507 41.38966)
Institut Català d'Energia i Ajuntament de Cabrera de Mar;VIA PUBLICA;RAPID;CCS Combo2+ChadeMO+MENNEKES.M;415261;239407;EdRR Cabrera  (DC50kW AC43kW);50;AC-DC;PIRVEC-2;Plaça de la Fàbrica;Barcelona;8;Cabrera de Mar;2;cotxe;POINT (2.39407 41.5261)
IBIL;APARCAMENT CC (IBIL);semiRAPID i NORMAL;MENNEKES+Schuko;4,15643E+14;2,03556E+15;IBIL-CC Eroski Terrassa-Viena (11kW);11;AC;;Carrer Navarra, 6;Barcelona;8;Terrassa;2;cotxe;POINT (2.0355579257011414 41.5643087913205)
ENGESTUR;APARCAMENT CC;NORMAL;Schuko;41452527719;2249290201;CC BCN-El Viver;;;;Avinguda  President Companys, 3;Barcelona;8;Badalona;6;;POINT (2.249290201 41.452527719)
;;semiRAPID;2xMENNEKES.F + 2TESLA;4137631;214932;EdRsR CC Las Arenas (AC22kW);22;AC;;Gran Via de les Corts Catalanes, 373-385;Barcelona;8;Barcelona;4;;POINT (2.14932 41.37631)
;VIA PUBLICA;semiRAPID i NORMAL;MENNEKES.F+Schuko;4115188;121437;EdRsR Constantí (AC22kW);22;AC;;Carrer de Barcelona, 10;Tarragona;17;Constantí;2;cotxe i moto;POINT (1.21437 41.15188)
Institut Català d'Energia i Vandellòs i l'Hospitalet de l'Infant;;RAPID;CCS Combo2+ChadeMO+MENNEKES.M;4099197;92147;EdRR Vandellòs i Hospitalet de l'Infant (DC50kW AC43kW) PIRVEC-13;50;AC-DC;PIRVEC-13;Carretera de Móra, 5;Tarragona;43;Vandellòs i l'Hospitalet i l'infant;2;;POINT (0.9214699999999999 40.99197)
B:SM Serveis Municipals;APARCAMENT PUBLIC;NORMAL;MENNEKES.F+Schuko;413885;21983;B:SM 17 - Litoral Port;;;BSM017;Avinguda  del Litoral, 34;Barcelona;8;Barcelona;3;cotxe;POINT (2.1983 41.3885)
PETREM;ESTACIÓ DE SERVEI;RAPID;CCS Combo2+ChadeMO+MENNEKES.M;4198951;279539;EdRR E.S. PETREM ECO Girona (DC50kW AC43kW);50;AC-DC;;Carretera Antiga d'Amer, 1;Girona;17;Girona;2;cotxe;POINT (2.79539 41.98951)
B:SM Serveis Municipals;APARCAMENT PUBLIC;NORMAL;MENNEKES.F+Schuko;41430428;2187965;B:SM 36 - Sant Andreu Teatre;;;BSM024;Carrer de les Monges, 2;Barcelona;8;Barcelona;3;cotxe i moto;POINT (2.187965 41.430428)
ESSER;ESTACIÓ DE SERVEI;RAPID;CCS Combo2+ChadeMO+MENNEKES.M;4171353;283089;EdRR ESSER Lloret (DC50kW AC43kW);50;AC-DC;;Avinguda de les Alegries, 89-91;Barcelona;8;Lloret de Mar;2;;POINT (2.83089 41.713530000000006)
Circuit de Catalunya i TESLA;APARCAMENT CIRCUIT;semiRAPID;TESLA+MENNEKES.M;4157015;225876;Circuit Barcelona-Catalunya (22kW);22;AC;;Mas de la Moreneta;Barcelona;8;Montmeló;3;cotxe;POINT (2.25876 41.57015)
B:SM Serveis Municipals;APARCAMENT PUBLIC;NORMAL;Schuko;41385654;2177128;B:SM 51 - Mercat Santa Caterina;;;BAMSA004;Avinguda  de Francesc Cambó, 10;Barcelona;8;Barcelona;1;cotxe o moto;POINT (2.177128 41.385654)
B:SM Serveis Municipals;APARCAMENT PUBLIC;NORMAL;MENNEKES.F+Schuko;41396853;2126718;B:SM 6 -  Cardenal Sentmenat - Vergós;;;BSM030;Carrer del Cardenal de Sentmenat, 8;Barcelona;8;Barcelona;6;cotxe i moto;POINT (2.126718 41.396853)
Ajuntament Cambrils;VIA PUBLICA;NORMAL;MENNEKES.F+Schuko;4107451;10526;Cambrils 2 (3.6kW);;;;Plaça de la Vila;Tarragona;43;Cambrils;2;cotxe i moto;POINT (1.0526 41.07451)
Endesa;VIA PUBLICA;NORMAL;Schuko;41387074;217142;23 AjBCN-Endesa Fontanella-Pl.Catalunya;;;LC006;Carrer de Fontanella, 1;Barcelona;8;Barcelona;2;moto;POINT (2.17142 41.387074)
Area Metropolitana de Barcelona;VIA PUBLICA (AMB);RAPID i NORMAL;CCS Combo2+ChadeMO+MENNEKES.M+shucko;4135382;212245;EdRR L'Hospitalet (AMB)(DC50kW AC43kW) AMB6;50;AC-DC;AMB6;Carrer de Salvador Espriu, 59;Barcelona;8;L'Hospitalet de Llobregat;4;cotxe i moto;POINT (2.12245 41.35382)
B:SM Serveis Municipals;APARCAMENT PUBLIC;NORMAL;MENNEKES.F+Schuko;41411148;2174359;B:SM 2 - Avinguda Gaudí;;;BSM006;Carrer dels Castillejos, 330 (E1), Carrer de Cartagena, 319 (E2);Barcelona;8;Barcelona;4;cotxe i moto;POINT (2.174359 41.411148)
;VIA PUBLICA;semiRAPID i NORMAL;MENNEKES.F+Schuko;4123018;174523;EdRsR Sant Pere de Ribes 2 (AC22kW);22;AC;;Avinguda de Mas d'En Serra, 2,;Barcelona;8;Sant Pere de Ribes;2;cotxe i moto;POINT (1.7452300000000003 41.23018)
B:SM Serveis Municipals;APARCAMENT PUBLIC;NORMAL;MENNEKES.F+Schuko;41426834;2184219;B:SM 8 - Concepció Arenal;;;BSM009;Carrer de Concepción Arenal, 156;Barcelona;8;Barcelona;4;cotxe i moto;POINT (2.184219 41.426834)
;;semiRAPID i NORMAL;2xMENNEKES.F+2xSchuko;4235933;169682;EdRsR Martinet (AC22kW);22;AC;;Camí Montellà, 25;Lleida;25;Martinet;2;;POINT (1.69682 42.35933)
Boï-Taull resort;APARCAMENT HOTEL;NORMAL;Schuko;425157068;8565367;Boï-Taull Resort;;;;Urbanización Pla de L'Ermita, Carrer Sant Quirze, s/n;Lleida;25;Boï-Taüll;;cotxe i moto;POINT (0.8565367 42.5157068)
BIMSA;VIA PUBLICA;NORMAL;Schuko;41394502;2152313;Lateral-Mar Diagonal (Aribau-Enric Granados) 2;;;LC044;Avinguda Diagonal, 429;Barcelona;8;Barcelona;2;moto;POINT (2.152313 41.394502)
B:SM Serveis Municipals;APARCAMENT PUBLIC;NORMAL;MENNEKES.F+Schuko;41403165;2189422;B:SM 3 - Badajoz -Glòries;;;BSM020;Carrer de Badajoz, 168;Barcelona;8;Barcelona;5;cotxe i moto;POINT (2.189422 41.403165)
B:SM Serveis Municipals;APARCAMENT PUBLIC;NORMAL;MENNEKES.F+Schuko;4140247;2204062;B:SM 4 - Bilbao-Llull;;;BSM011;Carrer de Bilbao, 24;Barcelona;8;Barcelona;4;cotxe i moto;POINT (2.204062 41.40247)
Endesa;VIA PUBLICA;NORMAL;Schuko;41388088;2107004;21 AjBCN-Endesa;;;LC029;Carretera d'Esplugues, 52 - Carrer Eduard Toldra;Barcelona;8;Barcelona;2;moto;POINT (2.107004 41.388088)
Aparcament Sofia;APARCAMENT PÚBLIC;NORMAL;Schuko;41234074;180405;Aparcament Avinguda Sofia, Calipolis;;;;Avinguda Sofia, 2;Barcelona;8;Sitges;2;cotxe i moto;POINT (1.8040499999999997 41.234074)
B:SM Serveis Municipals;APARCAMENT PUBLIC;NORMAL;MENNEKES.F+Schuko;41389954;2128284;B:SM 11 - Flos i Calcat;;;BSM004;Carrer de Flos i Calcat, 2;Barcelona;8;Barcelona;4;cotxe i moto;POINT (2.128284 41.389954)
NIKE;APARCAMENT;semiRAPID i NORMAL;MENNEKES.F+Schuko;4161451;234642;CC NIKE MegaStore La Roca Village (11kW);11;AC;;P.I. Can Massaguer Nord;Barcelona;8;La Roca del Vallès;2;;POINT (2.34642 41.61451)
PETREM;ESTACIÓ DE SERVEI;RAPID;CCS Combo2+ChadeMO+MENNEKES.M;4226668;297318;EdRR E.S. PETREM El Molí (DC50kW AC44kW);50;AC-DC;;Avinguda María Vilallonga, 61;Girona;17;Figueres;2;cotxe;POINT (2.97318 42.26668)
B:SM Serveis Municipals;APARCAMENT PUBLIC;NORMAL;MENNEKES.F+Schuko;41380864;2183077;B:SM 23 - Moll de la Fusta;;;BSM010;Carrer de l'Ictineu;Barcelona;8;Barcelona;5;cotxe i moto;POINT (2.183077 41.380864)
B:SM Serveis Municipals;APARCAMENT PUBLIC;NORMAL;Schuko;41379936;2189115;B:SM 59 - Barceloneta Centre;;;BAMSA011;Carrer Escuder, 1;Barcelona;8;Barcelona;1;cotxe;POINT (2.189115 41.379936)
TABASA;APARCAMENT PUBLIC;NORMAL;Schuko;414812;20726;TABASA Estació FGC VOLPELLERES;;;;Plaça de l'estació;Barcelona;8;Sant Cugat del Valles;1;cotxe;POINT (2.0726 41.4812)
TESLA;APARCAMENT HOTEL;semiRAPID;TESLA;41349032;166672;TESLA Destinació - Bodegas Torres Visitors Centre (22kW);22;AC;;Finca El Maset, S/N;Barcelona;8;Pachs del Penedès;2;cotxe;POINT (1.66672 41.349032)
Area Metropolitana de Barcelona;VIA PUBLICA (AMB);RAPID i NORMAL;CCS Combo2+ChadeMO+MENNEKES.M+shucko;4145496;222666;EdRR Montigalà (DC50kW AC43kW) AMB5;50;AC-DC;AMB5;Carrer d'Anna Tugas, 26;Barcelona;8;Badalona;4;cotxe i moto;POINT (2.22666 41.45496)
CC Anec Blau;APARCAMENT CC;NORMAL;Schuko;41283698;198725;CC Anec Blau;;;;Rotonda Can Rabadà, 16;Barcelona;8;Castelldefels;1;cotxe i moto;POINT (1.98725 41.283698)
B:SM Serveis Municipals;APARCAMENT PUBLIC;NORMAL;MENNEKES.F+Schuko;414053;21429;B:SM 22 - Mitre Putxet;;;BSM018;Ronda General Mitre, 203;Barcelona;8;Barcelona;2;cotxe;POINT (2.1429 41.4053)
CC Sant Cugat;APARCAMENT CC;semiRAPID i NORMAL;MENNEKES.F+Schuko;414831;205401;EdRsR CC Sant Cugat (AC22kW);22;AC;;Avinguda de la Via Augusta, 2-14;Barcelona;8;Sant Cugat del Vallès;4;cotxe i moto;POINT (2.05401 41.4831)
Aparcament Cal Llobet-Selba;APARCAMENT PUBLIC;NORMAL;Schuko;4,17819E+15;1,83678E+15;Aparcament Cal Llobet-Selba;;;;Carrer Roger de Flor, 11;Barcelona;8;Santpedor;1;cotxe i moto;POINT (1.836778074502945 41.78188554764706)
Gintra-Ap Plaça de Cuba;APARCAMENT PUBLIC;NORMAL;Schuko;41537302431;2440399469;Gintra-Ap Plaça de Cuba;;;;Carrer Cuba, 40;Barcelona;8;Mataró;1;;POINT (2.440399469 41.537302431)
GAICU;VIA PUBLICA;semiRAPID i NORMAL;MENNEKES.F+Schuko;41433956;2192101;(eDUM) Sant Adrià - Pl. Can Fabra (7.4kW);75;AC;QC002;Carrer de Sant Adrià, 21;Barcelona;8;Barcelona;2;mercaderies;POINT (2.192101 41.43395600000001)
;;semiRAPID;Schuko i MENNEKES.F;4160831;63275;CC PlusFresc Lleida (7.5kW);75;AC;;Avinguda de Barcelona, 65;Lleida;25;Lleida;2;;POINT (0.63275 41.60831)
Institut Català d'Energia i Ajuntament de Montblanc;;RAPID;CCS Combo2+ChadeMO+MENNEKES.M i 2xShucko+2MENNEKES.F;4137739;116358;EdRR Montblanc (DC50kW AC43kW+AC22kW) PIRVEC-14;50;AC-DC;PIRVEC-14;Muralla de Santa Tecla, 51;Tarragona;43;Montblanc;4;;POINT (1.16358 41.37739)
IBIL;ESTACIÓ DE SERVEI (IBIL);RAPID;CCS Combo2+ChadeMO+MENNEKES.M;4152801;18809321;IBIL-ES REPSOL A2 BurgerKing (DC50kW AC43kW);50;AC-DC;;Carretera C-1414, Autovia A2 km 581,5, sortida 581 dir.TGN o 582B dir.BCN;Barcelona;8;Esparreguera;1;cotxe;POINT (1.8809321000000003 41.52801)
Abertis-saba;VIA PUBLICA;NORMAL;Schuko;41340265;2125109;Seu zona franca Abertis;;;;Carrer numero Un;Barcelona;8;Barcelona;2;cotxe i moto;POINT (2.125109 41.340265)
GRAMEPARK;APARCAMENT CC;NORMAL;Schuko;41451025;2209483;Aparcament GRAMEPARK;;;;Rambla de Sant Sebastià,2;Barcelona;8;Santa Coloma de Gramenet;9;cotxe i moto;POINT (2.209483 41.45102500000001)
GAICU;VIA PUBLICA;semiRAPID;MENNEKES.F;41375444;2189039;(eTAXI) Barceloneta - Joan de Borbó (7.4kW);75;AC;QC003;Passeig Joan de Borbó - Carrer de la Drassana, 1;Barcelona;8;Barcelona;2;taxi;POINT (2.189039 41.375444)
B:SM Serveis Municipals;APARCAMENT PUBLIC;NORMAL;Schuko;41391087;2147544;B:SM 53 - Londres;;;BAMSA015;Carrer de Londres, 55;Barcelona;8;Barcelona;1;cotxe;POINT (2.147544 41.391087)
;;semiRAPID;2xMENNEKES.F;4174978;190322;EdRsR Navarcles (AC22kW);22;AC;;Carrer Pau Claris 14;Barcelona;8;Navarcles;;;POINT (1.9032200000000001 41.74978)
REGESA;APARCAMENT PUBLIC;NORMAL;Schuko;41420441;2180899;75 REGESA Maragall;;;;Plaça de Maragall, 1;Barcelona;8;Barcelona;4;cotxe;POINT (2.180899 41.420441000000004)
ALBET i NOYA vinyes;COMERÇ;semiRAPID i NORMAL;MENNEKES.F+Schuko;41384744;1806303;Albet i Noya;;;;Can Vendrell, s/n, Sant Pau d'Ordal;Barcelona;8;Subirats;2;cotxe i moto;POINT (1.8063030000000002 41.384744)
CEPSA;ESTACIÓ DE SERVEI;RAPID i semiRAPID;CCS Combo2+ChadeMO+MENNEKES.M+2xMENNEKES.F+2xSchucko;4108598;103674;EdRR CEPSA Cambrils (DC50kW AC43kW+AC22kW);50;AC-DC;;Carretera Mombrió del Camp, km 2,2;Tarragona;17;Cambrils;2;;POINT (1.03674 41.08598)
BIMSA;VIA PUBLICA;NORMAL;Schuko;41393659;2148857;Lateral-Mar Diagonal (Casanova-Muntaner) 1;;;LC041;Avinguda Diagonal, 449;Barcelona;8;Barcelona;2;moto;POINT (2.148857 41.393659)
Ajuntament de  El Masnou;VIA PUBLICA;FORA DE SERVEI;Schuko;41477990439;2304726294;Ajuntament de El Masnou 1;;;;Passeig Joan Carles I, 12;Barcelona;8;El Masnou;1;;POINT (2.304726294 41.477990439)
TESLA;APARCAMENT HOTEL;semiRAPID;TESLA;41186289;1159963;TESLA Destinació - Hotel Monument Mas Passamaner (22kW);22;AC;;Cami de la Serra, 52;Tarragona;43;La Selva del Camp;2;cotxe;POINT (1.159963 41.186289)
B:SM Serveis Municipals;APARCAMENT PUBLIC;NORMAL;MENNEKES.F+Schuko;4139846;2186665;B:SM 29 - Plaça de les Arts - TNC;;;BSM032;Carrer de Padilla, 159;Barcelona;8;Barcelona;6;cotxe i moto;POINT (2.186665 41.39846)
B:SM Serveis Municipals;APARCAMENT PUBLIC;NORMAL;MENNEKES.F+Schuko;41392246;2128751;B:SM 9 - Cotxeres de Sarrià;;;BSM029;Passeig de Manuel Girona, 77;Barcelona;8;Barcelona;6;cotxe i moto;POINT (2.128751 41.392246)
Restaurant Sol i vi;RESTAURANT;semiRAPID i NORMAL;MENNEKES.F+Schuko+J1772;4140167;175702;Restaurant Sol i vi;;;;Carretera de Sant Sadurní d'Anoia a Vilafranca del Penedès, km 4;Barcelona;8;Subirats;2;cotxe i moto;POINT (1.75702 41.40167)
;;semiRAPID;2xMENNEKES.F + 2xSchuko;415858;217639;EdRsR Fenie Palau de Plegamans i Solità (AC22kW);22;AC;;Carrer de Folch i Torres, 37;Barcelona;8;Palau de Plegamans i Solità;2;cotxe;POINT (2.17639 41.5858)
Aparcament Abart;APARCAMENT PUBLIC;NORMAL;Schuko;41396271;2149651;111 Aparcament Abart;;;;Travessera de Gràcia, 53-65;Barcelona;8;Barcelona;1;cotxe i moto;POINT (2.149651 41.396271)
B:SM Serveis Municipals;APARCAMENT PUBLIC;NORMAL;Schuko;4142077;2151564;B:SM 43 - Salvador Allende;;;BSM040;Plaça de Salvador Allende;Barcelona;8;Barcelona;4;cotxe;POINT (2.151564 41.42077)
B:SM Serveis Municipals;APARCAMENT PUBLIC;NORMAL;Schuko;41384087;2142749;B:SM 44 - Tarradelles-Nicaragua;;;BAMSA014;Avinguda  de Josep Tarradellas, 46;Barcelona;8;Barcelona;1;cotxe;POINT (2.142749 41.384087)
Ajuntament Avià;VIA PUBLICA;semiRAPID;MENNEKES.F;4207696;182252;EdRsR Avià (AC22kW);22;AC;;Avinguda Pau Casals,22;Barcelona;8;Àvia;1;cotxe i moto;POINT (1.82252 42.07696)
AEB;VIA PUBLICA;NORMAL;Schuko;41394203;2123794;93 AjBCN-ETRA-COBRA;;;LC014;Carrer d'Osi, 4;Barcelona;8;Barcelona;2;cotxe i moto;POINT (2.123794 41.394203)
Ajuntament de Lloret de Mar;VIA PUBLICA;semiRAPID i NORMAL;MENNEKES.F+Schuko;41698525;28477586;Ajuntament de Lloret de Mar;;;;Passeig d'Agustí Font,2, Ajuntament;Girona;17;Lloret de Mar;2;cotxe i moto;POINT (2.8477586 41.698525)
;;semiRAPID;2xMENNEKES.F;4175275;187231;EdRsR Sant Fruitós del Bages 2 (AC22kW);22;AC;;Avinguda Bertrand i Serra, 22;Barcelona;8;Sant Fruitós de Bages;;;POINT (1.8723099999999997 41.75275)
BIMSA;VIA PUBLICA;RAPID;CCS Combo2+ChadeMO+MENNEKES.M;41388226;2169769;(eTAXI)EdRR-Passeig de Gràcia-Casp (DC50kW AC43kW);50;AC-DC;FC010;Passeig de Gràcia, 3;Barcelona;8;Barcelona;1;cotxe;POINT (2.169769 41.388226)
Institut Català d'Energia i Ajuntament de Figueres;;RAPID;CCS Combo2+ChadeMO+MENNEKES.M;4225973;29666;EdRR Figueres 1 Creu de la mà (DC50kW AC43kW) PIRVEC-18;50;AC-DC;PIRVEC-18;Carrer Nou, 164;Girona;17;Figueres;2;;POINT (2.9666 42.25973)
Bassols energia;APARCAMENT PUBLIC;NORMAL;MENNEKES.F+Schuko;4218294;248422;Aparcament Centre;;;;Carrer Bisbe Ramon Guillamet, 7;Girona;17;Olot;2;cotxe i moto;POINT (2.48422 42.18294)
Valencia 2013;APARCAMENT PUBLIC;NORMAL;Schuko;41392466102;2163201936;Valencia 2013;;;;Carrer València, 270;Barcelona;8;Barcelona;1;;POINT (2.163201936 41.392466102)
Gasolis Rivera;ESTACIÓ DE SERVEI;NORMAL;MENNEKES.F+Schuko;4162463;217126;Gasoils Rovira;;;;Carrer de Josep Calvo, 7;Barcelona;8;Caldes de Montbui;2;cotxe i moto;POINT (2.17126 41.62463)
Institut Català d'Energia i Ajuntament de Sant Feliu de Guíxols;;semiRAPID;2xMENNEKES.F;4178059;30219;EdRsR Guíxols Estació BUSOS (AC22kW) PIRVEC-29;22;AC;PIRVEC-29;Carrer Dr. Rovira, 47;Girona;17;Sant Feliu de Guíxols;2;;POINT (3.0219 41.78059)
AEB;VIA PUBLICA;NORMAL;Schuko;41359982;2133193;89 AjBCN-ETRA-COBRA;;;LC009;Carretera del Prat, 42;Barcelona;8;Barcelona;2;cotxe i moto;POINT (2.133193 41.359982)
Institut Català d'Energia i Ajuntament de Roses;;semiRAPID i NORMAL;2xMENNEKES.F + 2xSchuko;4226494;317073;EdRsR Roses (AC22kW) PIRVEC-22;22;AC;PIRVEC-22;Avinguda de Rhode, 58;Girona;17;Roses;2;;POINT (3.17073 42.26494)
IBIL;ESTACIÓ DE SERVEI (IBIL);RAPID;CCS Combo2+ChadeMO+MENNEKES.M;4111432;115586;IBIL ES REPSOL-Vilaseca (DC50kW AC43kW);50;AC-DC;;Avinguda Vila del Comú 22A;Tarragona;43;Vilaseca;1;cotxe;POINT (1.15586 41.11432)
CIRCONTROL;APARCAMENT SEU (PRIVAT);semiRAPID i NORMAL;MENNEKES.M+Schuko;41560821;1961738;Seu CIRCONTROL 22kW;22;AC;;Carrer Innovació,3 - P I. Can Mitjans;Barcelona;8;Viladecavalls;7;cotxe i moto;POINT (1.9617380000000002 41.560821)
Aparcament Europa;APARCAMENT PUBLIC;NORMAL;Schuko;41729438;1824378;Aparcament Europa;;;;Carrer Pere III, 55A;Barcelona;8;Manresa;2;cotxe;POINT (1.824378 41.729438)
;;semiRAPID i NORMAL;2xMENNEKES.F+2xSchuko;4088558;80385;EdRsR L'Ametlla de Mar (AC22kW);22;AC;;Carrer Sant Joan, 57;Tarragona;17;L'Ametlla de Mar;2;;POINT (0.8038500000000001 40.88558)
El Corte Ingles Tarragona;APARCAMENT CC;NORMAL;Schuko;41121159436;1242038612;CC El Corte Ingles (Tarragona);;;;Avinguda  President LLuis Companys 7-11;Tarragona;43;Tarragona;3;cotxe i moto;POINT (1.242038612 41.121159436)
Aparcament Dr.Roig i Raventós;APARCAMENT PUBLIC;NORMAL;Schuko;414035393;2130069;Aparcament Dr.Roig i Raventós (P-1);;;;Carrer Dalmases, 76 B;Barcelona;8;Barcelona;1;;POINT (2.130069 41.4035393)
MOBILITAT-IBERDROLA;VIA PUBLICA (MOBECPOINT);NORMAL;Schuko;4,14592E+16;2,22885E+15;MOBECPOINT-Institut Gaudí Construcció;;;;Avinguda Comunitat Europea;Barcelona;8;Badalona;1;moto;POINT (2.2288499772548676 41.459165763709166)
Parking Ninot;;NORMAL;Schuko i MENNEKES.F;4,13898E+14;2,15518E+13;Aparcament Ninot;;;;Carrer de Provença, 192;Barcelona;8;Barcelona;2;cotxe i moto;POINT (2.1551764011383 41.3897592260418)
Endesa;VIA PUBLICA;NORMAL;Schuko;41380928;2142103;25 AjBCN-Endesa-Sants;;;LC010;Avinguda  de Josep Tarradellas, 1;Barcelona;8;Barcelona;2;moto;POINT (2.142103 41.380928)
;;semiRAPID;MENNEKES.F;4161072;223988;EdRsR EP-Estabanell Lliçà QR (AC22kW);22;AC;;Carrer de l'Aliança, 14;Barcelona;8;Lliçà d'Amunt;2;cotxe i moto;POINT (2.23988 41.61072000000001)
;VIA PUBLICA;superRAPID;TESLA;4235895;146278;TESLA Supercarregador - La Seu d'Urgell (120kW);120;DC;;;Lleida;25;La Seu d’Urgell;10;cotxe;POINT (1.46278 42.35895)
;;semiRAPID;TESLA i MENNEKES;4140548;219148;CC Glories (22kW);22;AC;;Avinguda Diagonal 208;Barcelona;8;Barcelona;14;;POINT (2.19148 41.40548)
;;semiRAPID i NORMAL;MENNEKES.F+Schuko;4158935;162138;Aparcament Park Igualada N SIMA (AC22kW);22;AC;;Carrer de Lecco, 30;Barcelona;8;Igualada;2;;POINT (1.62138 41.58935)
GAICU;VIA PUBLICA;RAPID;CCS Combo2+ChadeMO+MENNEKES.M;4140263;219475;EdRR-MediaTIC -Santiago Losada- (DC50kW AC43kW);50;AC-DC;FC016;Carrer Roc Boronat, 117;Barcelona;8;Barcelona;1;cotxe;POINT (2.19475 41.40263)
Institut Català d'Energia i Ajuntament de Tortosa;;RAPID;CCS Combo2+ChadeMO+MENNEKES.F;4080762;52007;EdRsR-EdRR Tortosa (DC28W AC22kW) PIRVEC-15;28;AC-DC;PIRVEC-15;Avinguda de la Generalitat, 72;Tarragona;43;Tortosa;2;;POINT (0.52007 40.80762)
GAICU;VIA PUBLICA;semiRAPID i NORMAL;MENNEKES.F+Schuko;4140562;219299;(eDUM) El Parc i la Llacuna (7.4kW);75;AC;QC001;Carrer de la Llacuna, 149;Barcelona;8;Barcelona;2;mercaderies;POINT (2.19299 4140562)
Area Metropolitana de Barcelona;VIA PUBLICA (AMB);RAPID i NORMAL;CCS Combo2+ChadeMO+MENNEKES.M+shucko;4141914;200113;EdRR Pallejà (DC50kW AC43kW) AMB7;50;AC-DC;AMB7;Ronda Santa Eulàlia-Carrer Joan Maragall;Barcelona;8;Pallejà;2;;POINT (2.00113 41.419140000000006)
Endesa;VIA PUBLICA;NORMAL;Schuko;4141162;2218508;06 AjBCN-Endesa-Forum-RamblaPrim;;;LC022;Rambla de Prim, 19;Barcelona;8;Barcelona;2;moto;POINT (2.218508 41.41162)
InterAparcament;APARCAMENT PUBLIC;NORMAL;Schuko;41378017;2176001;105 InterAparcament Rambla Plç.Colon;;;;Rambla de Santa Mònica, 20;Barcelona;8;Barcelona;2;cotxe;POINT (2.176001 41.378017)
Endesa;VIA PUBLICA;NORMAL;Schuko;4143491;2148409;03 AjBCN-Endesa Vall d'Hebron;;;LC032;Arquitecte Moragas,31 - Avinguda  Can Marcet,36;Barcelona;8;Barcelona;2;moto;POINT (2.148409 41.43491)
;;RAPID;CCS Combo2+ChadeMO+MENNEKES.M;4119262;160395;EdRR Segur de Calafell (DC50kW-AC45kW);50;AC-DC;;Carretera Barcelona, 82;Tarragona;43;Segur de Calafell;;;POINT (1.60395 41.19262)
;VIA PUBLICA;NORMAL;Schuko;41377108;2119567;AjBCN-Pintor Tapiró;;;;Pintor Tapiró 2-6 - Travessera de les Corts;Barcelona;8;Barcelona;2;moto;POINT (2.119567 41.377108)
;;NORMAL;Schuko;4122512;15442;Les Mates - El Vendrell;;;;Carrer Les Mates 1;Tarragona;43;El Vendrell;4;cotxe i moto;POINT (1.5442 41.22512)
TESLA;VIA PUBLICA;superRAPID;TESLA;4075288;60629;TESLA Supercarregador - L'Aldea (120kW);120;DC;;P.I. Les Mercaderias N-235, N-340;Tarragona;43;L'Aldea;6;cotxe;POINT (0.60629 40.75288)
TESLA;APARCAMENT HOTEL;semiRAPID;TESLA;4123474;180399;TESLA Destinació - Hotel Sofia (22kW);22;AC;;Avinguda Sofia, 12;Barcelona;8;Sitges;2;cotxe;POINT (1.80399 41.23474)
B:SM Serveis Municipals;APARCAMENT PUBLIC;NORMAL;MENNEKES.F+Schuko;4137212;2156625;B:SM 7 - Ciutat del Teatre;;;BSM008;Carrer de la França Xica, 35;Barcelona;8;Barcelona;3;cotxe;POINT (2.156625 41.37212)
;;semiRAPID;CCS Combo2+ChadeMO+MENNEKES.F;4134179;170083;EdRsR Vilafranca del Penedés (DC25kW AC22kW);22;DC;;Camp del Cellerot;Barcelona;8;Vilafranca del Penedès;2;;POINT (1.70083 41.34179)
;;semiRAPID;2xMENNEKES.F;4202845;288814;EdRsR Celrà (AC22kW);22;AC;;Carrer de Just Puig (Canigó-Aumet);Girona;17;Celrà;;;POINT (2.88814 42.02845)
SABA;APARCAMENT PUBLIC;NORMAL;Schuko;4137764;213894;Saba Aparcament Estació de Sants;;;;Plaça Joan Peiró;Barcelona;8;Barcelona;2;cotxe i moto;POINT (2.13894 41.37764)
Aparcament Pavelló municipal;APARCAMENT PUBLIC;NORMAL;Schuko;4,16408E+15;2,39889E+15;Aparcament Pavelló municipal;;;;Passatge Riera-Carrer Collsabadell;Barcelona;8;Llinars del Vallès;1;;POINT (2.398894988000393 41.64082638017494)
;;;MENNEKES.F + Schuko;4186187;266255;EdRsR Santa Coloma de Farners (AC22kW);22;AC;;Passatge Ajuntament, 16;Girona;17;Santa Coloma de Farners;2;;POINT (2.66255 41.86187)
ENGESTUR;APARCAMENT CC;NORMAL;Schuko;41454699911;2243362333;CC BCN-Illa Central;;;;Avinguda  Martí Pujol;Barcelona;8;Badalona;6;;POINT (2.2433623330000003 41.454699911000006)
Hotel Don Cándido;APARCAMENT HOTEL;NORMAL;MENNEKES.F+Schuko;41552551;2008381;Hotel Don Cándido;;;;Carrer Rambleta Pare Alegre, 98;Barcelona;8;Terrassa;3;cotxe i moto;POINT (2.008381 41.552551)
B:SM Serveis Municipals;APARCAMENT PUBLIC;NORMAL;Schuko;414049;217729;B:SM 21 - Mercat Sagrada Família;;;BSM042;Carrer de Mallorca, 425-433;Barcelona;8;Barcelona;1;cotxe;POINT (2.17729 41.4049)
TESLA;APARCAMENT HOTEL;semiRAPID;TESLA;416894;281794;TESLA Destinació - Hotel Santa Marta (22kW);22;AC;;Platja de Santa Cristina;Girona;17;Lloret de Mar;1;cotxe;POINT (2.81794 41.6894)
;;;4xMENNKES.F;4141297;201392;EdRsR Molins de Rei (AC22kW);22;AC;;Plaça de la Llibertat;Barcelona;8;Molins de Rei;4;;POINT (2.01392 41.41297)
B:SM Serveis Municipals;APARCAMENT PUBLIC;NORMAL;MENNEKES.F+Schuko;414033;2152327;B:SM 14 - Gràcia motos;;;BSM036;Carrer Gran de Gràcia, 190;Barcelona;8;Barcelona;2;moto;POINT (2.152327 41.4033)
Hotel Restaurant SAUSA;HOTEL-Restaurant;NORMAL;Schuko;4,20952E+15;2,89267E+15;Hotel Restaurant SAUSA;;;;Carretera N-II, km 732;Girona;17;Terradelles;1;;POINT (2.892667204141617 42.09517389742783)
Estabanell y Pahisa;VIA PUBLICA (codiQR);NORMAL;Schuko;41682718;22825619;EP-Estabanell y Pahisa-Antic Safareig;;;;Passeig del Congost - Carretera Nova;Barcelona;8;La Garriga;1;cotxe;POINT (2.2825619 41.682718)
;;semiRAPID;Schuko i MENNEKES.F;4184843;239057;EdRsR Viladrau (AC22kW);22;AC;;Carrer Balcells i Morató, 3;Girona;17;Viladrau;2;;POINT (2.39057 41.84843)
CORIO REAL ESTATE;APARCAMENT CC;NORMAL;Schuko;41375511;2182206;CC Maremagnum;;;;Moll d'Espanya, 5;Barcelona;8;Barcelona;5;cotxe i moto;POINT (2.182206 41.37551100000001)
B:SM Serveis Municipals;APARCAMENT PUBLIC;NORMAL;MENNEKES.F+Schuko;4141907;217938;B:SM Mercat del Guinardó;;;;Carrer de Teodor Llorente, 12;Barcelona;8;Barcelona;;cotxe i moto;POINT (2.17938 41.41907)
22@;VIA PUBLICA;NORMAL;Schuko;41396897;2200017;29 AjBCN-22@ Ciutat de Granada;;;LC024;Carrer de la Ciutat de Granada, 17;Barcelona;8;Barcelona;1;cotxe i moto;POINT (2.200017 41.396897)
ENGESTUR;APARCAMENT CC;NORMAL;Schuko;41454780677;2246644505;CC BCN-Manel Valls;;;;Plaça Manel Valls;Barcelona;8;Badalona;6;;POINT (2.246644505 41.454780677)
;;semiRAPID i NORMAL;MENNEKES.F + Schuko;4236972;298167;EdRsR Sant Climent Sescebes (AC22kW);22;AC;;Carrer de Icària, 14;Girona;17;Sant Climent Sescebes;1;cotxe i moto;POINT (2.98167 42.36972)
El Corte Inglés;APARCAMENT CC;NORMAL;Schuko;41387627;2128022;98 El Corte Inglés;;;;Avinguda Diagonal, 617;Barcelona;8;Barcelona;3;cotxe;POINT (2.128022 41.387627)
BIMSA;VIA PUBLICA;NORMAL;Schuko;41396282;2159285;Lateral-Mar Diagonal (Còrsega) 2;;;LC046;Avinguda Diagonal, 387;Barcelona;8;Barcelona;2;moto;POINT (2.159285 41.396282)
Endesa;VIA PUBLICA;NORMAL;Schuko;41438882;2181366;09 AjBCN-Endesa;;;LC018;Carrer Rio de Janeiro, 81 - Passeig Valldaura;Barcelona;8;Barcelona;2;moto;POINT (2.181366 41.438882)
CC BARNASUD;APARCAMENT CC P-1, Zona Carrefour;NORMAL;Schuko;41296209;2006457;CC BARNASUD;;;;Carrer del Progrés, 69 - Carrer de l'Energia, 30;Barcelona;8;Gavà;2;cotxe i moto;POINT (2.006457 41.296209)
;APARCAMENT PUBLIC;NORMAL;Schuko;41588539;2580349;Aparcament Mercury;;;;Riera Gavarra, 12;Barcelona;8;Canet de Mar;1;cotxe o moto;POINT (2.580349 41.588539000000004)
GAICU;VIA PUBLICA;RAPID;CCS Combo2+ChadeMO+MENNEKES.M;4139347;220446;EdRR-Vil·la Olimpica-ES Repsol-McDonald's (DC50kW AC43kW);50;AC-DC;FC001;Avinguda del Litoral,49,  Sortida 23- Carrer de Badajoz;Barcelona;8;Barcelona;1;cotxe;POINT (2.20446 41.39347)
TESLA Hotel Ibis;APARCAMENT HOTEL;superRAPID;TESLA;41998494;2817328;TESLA Supercarregador - Girona-Hotel IBIS-Costa Brava (120kW);120;DC;;Carrer Francesc Ferrer, 16-18;Girona;17;Girona;4;cotxe;POINT (2.817328 41.998494)
B:SM Serveis Municipals;APARCAMENT PUBLIC;NORMAL;MENNEKES.F+Schuko;414067;22184;B:SM 13 - García Fària;;;BSM012;Passeig de Garcia Fària, 71;Barcelona;8;Barcelona;2;cotxe;POINT (2.2184 41.4067)
Endesa;VIA PUBLICA;NORMAL;Schuko;41442436;2197319;07 AjBCN-Endesa La Maquinista;;;LC033;Carrer República Dominicana - Carrer de Potosí;Barcelona;8;Barcelona;2;moto;POINT (2.1973190000000002 41.442436)
B:SM Serveis Municipals;APARCAMENT PUBLIC;NORMAL;MENNEKES.F+Schuko;41449138;2190748;B:SM 41 - Galicia;;;BSM034;Carrer de Galicia, 16;Barcelona;8;Barcelona;2;cotxe;POINT (2.190748 41.449138)
Endesa;VIA PUBLICA;NORMAL;Schuko;41392296;2132156;15 AjBCN-Endesa Sarrià-Ricard Villa;;;LC013;Avinguda  de Sarrià, 130;Barcelona;8;Barcelona;2;moto;POINT (2.132156 41.392296)
Ajuntament de Beuda;APARCAMENT PUBLIC;NORMAL;Schuko;4223771;271061;Ajuntament de Beuda;;;;Carrer major, GIV-5234;Girona;17;Beuda;2;cotxe i moto;POINT (2.71061 42.23771)
AMERSAM;APARCAMENT PUBLIC;NORMAL;MENNEKES.F+Schuko;41149887;1105901;Aparcament Pastoreta;;;;Plaça Pastoreta, 10;Tarragona;43;Reus;2;cotxe i moto;POINT (1.105901 41.149887)
;;;;4108313;95859;EdRsR Mont-Roig del Camp Miami (AC22kW);22;AC;;Carrer de Soria, 17;Tarragona;43;Mont-Roig del Camp;;;POINT (0.95859 41.08313)
Endesa;VIA PUBLICA;NORMAL;Schuko;41444744;2174166;04 AjBCN-Endesa;;;LC017;Via Favència, 169 - Almansa;Barcelona;8;Barcelona;2;moto;POINT (2.174166 41.44474400000001)
Generalitat de Catalunya;Aparcament Estació;NORMAL;Schuko;4153044;208878;Intercanviador FGC Sant Quirze;;;FGCSQZE;Carretera de Molins de Rei - Avinguda Països Catalans;Barcelona;8;SANT QUIRZE DEL VALLÈS;2;cotxe i moto;POINT (2.08878 41.530440000000006)
B:SM Serveis Municipals;APARCAMENT PUBLIC;NORMAL;MENNEKES.F+Schuko;41382737;2194412;B:SM 15 - Hospital del Mar;;;BSM031;Passeig  Marítim de la Barceloneta, 23-31;Barcelona;8;Barcelona;9;cotxe i moto;POINT (2.194412 41.382737)
Endesa;VIA PUBLICA;NORMAL;Schuko;41408447;2202893;08 AjBCN-Endesa;;;LC021;Carrer de Cristóbal de Moura,24 - Carrer de Bac de Roda;Barcelona;8;Barcelona;2;moto;POINT (2.202893 41.408447)
EUSAB;APARCAMENT CC;NORMAL;Schuko;4143054737;2218260673;Aparcament Plaça de la Vila;;;;Plaça de la Vila;Barcelona;8;Sant Adrià de Besòs;2;;POINT (2.218260673 41.43054737)
SABA;APARCAMENT PUBLIC;NORMAL;Schuko;41411869;2132823;80 SABA Cosmocaixa;;;;Carrer dels Quatre Camins, 89;Barcelona;8;Barcelona;2;cotxe;POINT (2.132823 41.411869)
;;;CCS Combo2+ChadeMO+MENNEKES.M;4137302;217892;EdRR-Port de Barcelona (DC50kW AC43kW);50;AC-DC;;;Barcelona;8;Barcelona;1;cotxe;POINT (2.17892 41.37302)
AMERSAM;APARCAMENT PUBLIC;NORMAL;MENNEKES.F+Schuko;4115034;1110766;Aparcament Carrilet;;;;Avinguda del Carrilet, 40;Tarragona;43;Reus;2;cotxe i moto;POINT (1.110766 41.15034)
Endesa;VIA PUBLICA;NORMAL;Schuko;41407269;2138413;16 AjBCN-Endesa;;;LC012;Carrer de Balmes,422 - Carrer de Castanyer;Barcelona;8;Barcelona;2;moto;POINT (2.138413 41.40726900000001)
;;semiRAPID i NORMAL;MENNEKES.F+Schuko;4151106;240104;EdRsR Cabrera-Burriac (AC22kW);22;AC;;Avinguda de Burriac, 24;Barcelona;8;Cabrera de Mar;2;cotxe i moto;POINT (2.40104 41.51106)
SERVICIOS MERIDIANA;APARCAMENT PUBLIC;NORMAL;Schuko;41402645;2202802;116 SERVICIOS MERIDIANA;;;;Passatge Saladrigas, 4-6;Barcelona;8;Barcelona;6;cotxe i moto;POINT (2.202802 41.402645)
Institut Català d'Energia i GAICU;VIA PUBLICA;RAPID;CCS Combo2+ChadeMO+MENNEKES.M;4138244;218361;EdRR-Pla de Palau  (DC50kW AC43kW);50;AC-DC;PIRVEC-10 + FC14;Pla de Palau, 4;Barcelona;8;Barcelona;1;cotxe;POINT (2.18361 41.38244)
Vincipark;APARCAMENT PUBLIC;NORMAL;Schuko;41373722;2170482;Aparcament Vincipark Vilà i Vilà;;;;Carrer de Vilà i Vilà, 44;Barcelona;8;Barcelona;3;cotxe i moto;POINT (2.170482 41.373722)
InterAparcament;APARCAMENT CC;NORMAL;Schuko;41392826;2163384;104 InterAparcament Boulevard Rosa;;;;Carrer de València 270;Barcelona;8;Barcelona;2;cotxe;POINT (2.163384 41.392826)
IBERDROLA SERVICIOS ENERGETICOS, SAU;VIA PUBLICA;NORMAL;Schuko;41385166;2116051;084 ETSEIB;;;LC037;Carrer de Pasqual i Vila 22 - Avinguda  Diagonal;Barcelona;8;Barcelona;6;moto;POINT (2.116051 41.385166)
CC IKEA SABADELL;APARCAMENT CC;NORMAL;MENNEKES.F+Schuko;41511;21063;CC IKEA SABADELL (7.5kW);75;AC;;Carrer de Serra del Galliners- Pssg Sant Pau de Riu Sec;Barcelona;8;Sabadell;21;cotxe i moto;POINT (2.1063000000000005 41.511)
Institut Català d'Energia i GAICU;VIA PUBLICA;RAPID;CCS Combo2+ChadeMO+MENNEKES.M;41432965;2203728;EdRR-Fra Juniper Serra (DC50kW AC43kW);50;AC-DC;PIRVEC-9 + FC015;Carrer Fra Juniper Serra,  59;Barcelona;8;Barcelona;1;cotxe;POINT (2.203728 41.432965)
B:SM Serveis Municipals;APARCAMENT PUBLIC;NORMAL;Schuko;41398969;2153493;B:SM 57 - Plaça Gal·la Placídia;;;BAMSA002;Plaça de Gal·la Placídia, 2;Barcelona;8;Barcelona;1;cotxe;POINT (2.153493 41.398969)
ENGESTUR;APARCAMENT CC;NORMAL;Schuko;41443979302;2238902041;CC BCN-Països Catalans;;;;Plaça dels Països Catalans;Barcelona;8;Badalona;6;;POINT (2.238902041 41.443979302)
Endesa;VIA PUBLICA;NORMAL;Schuko;41390945;2196515;13 AjBCN-Endesa;;;LC034;Avinguda  d'Icària, 145 - Carrer de Rosa Censat, 14;Barcelona;8;Barcelona;2;moto;POINT (2.196515 41.390945)
;;semiRAPID;2xMENNEKES.F;4154151;189236;EdRsR Olesa 1 (AC22kW);22;AC;;Carrer d'Alfons Sala, 88;Barcelona;8;Olesa de Montserrat;;;POINT (1.8923600000000003 41.54151)
CC CARREFOUR MATARÓ;APARCAMENT CC;NORMAL;Schuko;4151978;2421356;CC CARREFOUR Cabrera de Mar;;;;Carretera N-II, km 644;Barcelona;8;Cabrera de Mar;2;cotxe i moto;POINT (2.421356 41.51978)
B:SM Serveis Municipals;APARCAMENT PUBLIC;NORMAL;MENNEKES.F+Schuko;41399815;2123474;B:SM 32 - Porta de Sarrià;;;BSM023;Carrer de Salvador Mundí, 17;Barcelona;8;Barcelona;3;cotxe i moto;POINT (2.123474 41.399815)
Institut Català d'Energia i Ajuntament de Santa Perpètua de Mogoda;;RAPID;CCS Combo2+ChadeMO+MENNEKES.M;4152752;218587;EdRR Sta.Perpetua de Mogoda -Jordi Cuixart- (DC50kW AC43kW+AC22kW) PIRVEC-12;50;AC-DC;PIRVEC-12;Passeig de la Florida-Avinguda Onze de setembre;Barcelona;8;Santa Perpetua de la Mogoda;2;;POINT (2.18587 41.52752)
Ajuntament de Sant Cugat del Vallès;VIA PUBLICA;NORMAL;Schuko;41469931;208801;Plaça. Mil·lenari-Auditori Sant Cugat;;;;Avinguda Pla del Vinyet 30T-Plaça Mil·lenari;Barcelona;8;Sant Cugat del Valles;2;cotxe i moto;POINT (2.08801 41.469931)
;VIA PUBLICA;semiRAPID i NORMAL;MENNEKES.F+Schuko;4162044;61788;EdRsR Lleida (AC22kW);22;AC;;Carrer Magí Morera, 57;Lleida;25;Lleida;2;cotxe i moto;POINT (0.61788 41.62044)
HOTEL NH CONSTANZA;HOTEL;NORMAL;Schuko;413915983;2,17785E+15;HOTEL NH PODIUM;;;;Carrer de Bailén, 4-6;Barcelona;8;Barcelona;1;;POINT (2.177850499999977 41.3915983)
TESLA;APARCAMENT HOTEL;semiRAPID;TESLA;4182447;307745;TESLA Destinació - Salles Hotel & Spa Cala del Pi (22kW);22;AC;;Av. del Cavall Bernat, 160;Girona;17;Platja d'Aro;1;cotxe;POINT (3.07745 41.82447)
B:SM Serveis Municipals;APARCAMENT PUBLIC;NORMAL;Schuko;41383144;2150551;B:SM 55 - Calàbria-València;;;BAMSA008;Carrer de València,77 - Carrer de Calàbria, 182;Barcelona;8;Barcelona;1;cotxe;POINT (2.150551 41.383144)
GAICU;VIA PUBLICA;RAPID;CCS Combo2+ChadeMO+MENNEKES.M;41415125;2136311;EdRR-Alfons Comín-Vallcarca (DC50kW AC43kW);50;AC-DC;FC004;Plaça Alfons Comín, 12- Isaac Newton;Barcelona;8;Barcelona;1;cotxe;POINT (2.136311 41.415125)
PETROMIRALLES;ESTACIÓ SERVEI;NORMAL;Schuko;41588905;16218929;ES PetroMiralles;;;;Carrer Guimaraes, 2;Barcelona;8;Igualada;1;;POINT (1.6218929 41.588905)
;;;MENNEKES.F;4108438;1036;EdRsR Cooperativa de Cambrils (AC22kW);22;AC;;Carretera de Cambrils - Montbrió, km 2;Tarragona;43;Cambrils;2;;POINT (1.036 41.08438)
HOTEL NH CONSTANZA;HOTEL;NORMAL;Schuko;4138879;2136332;103 HOTEL NH CONSTANZA;;;;Carrer de Déu i Mata, 69;Barcelona;8;Barcelona;1;cotxe;POINT (2.136332 41.38879)
B:SM Serveis Municipals;APARCAMENT PUBLIC;NORMAL;MENNEKES.F+Schuko;41442055;2177675;B:SM 31 - Plaça Francesc Layret;;;BSM022;Via Júlia, 95;Barcelona;8;Barcelona;4;cotxe i moto;POINT (2.177675 41.44205500000001)
Institut Català d'Energia i GAICU;VIA PUBLICA;RAPID;CCS Combo2+ChadeMO+MENNEKES.M;4137996;213914;EdRRx2-Estació Sants, Ap. Zona Autobusos (DC50kW AC43kW);50;AC-DC;PIRVEC-11 + FC003;Carrer Viriat, 5-23;Barcelona;8;Barcelona;2;cotxe;POINT (2.1391400000000003 41.37996)
B:SM Serveis Municipals;APARCAMENT PUBLIC;NORMAL;Schuko;41374588;214287;B:SM 45 - Vilardell;;;BAMSA012;Carrer de Vilardell, 20;Barcelona;8;Barcelona;1;cotxe;POINT (2.14287 41.374588)
BIMSA;VIA PUBLICA;RAPID;CCS Combo2+ChadeMO+MENNEKES.M;41393773;2149196;EdRRx2-Diagonal Aribau  (DC50kW AC43kW);50;AC-DC;FC012;Avinguda Diagonal, 445-447;Barcelona;8;Barcelona;1;cotxe;POINT (2.149196 41.393773)
BIMSA;VIA PUBLICA;RAPID;CCS Combo2+ChadeMO+MENNEKES.M;41374847;2171055;EdRR-Seu Endesa REE-TRYP APOLO  (DC50kW AC43kW);50;AC-DC;FC011;Avinguda  Paral·lel, 55;Barcelona;8;Barcelona;1;cotxe;POINT (2.171055 41.374847)
Ajuntament de Mollet;;semiRAPID i NORMAL;MENNEKES.F+Schuko;4153721;221108;EdRsR Mollet -Josep Rull- (AC22kW);22;AC;;Avinguda Burgos, 37;Barcelona;8;Mollet del Vallès;2;cotxe i moto;POINT (2.21108 41.53721)
B:SM Serveis Municipals;APARCAMENT PUBLIC;NORMAL;MENNEKES.F+Schuko;41413015;2221156;B:SM 30 - Plaça del Fòrum;;;BSM027;Carrer del Camp de la Bota 4C, - Plaça Ernest Narcís i Roca;Barcelona;8;Barcelona;6;cotxe i moto;POINT (2.221156 41.413015)
CC CARREFOUR El Prat;APARCAMENT CC;NORMAL;Schuko;41335179;2088768;CC CARREFOUR El Prat;;;;Autovia Castelldefels km 194;Barcelona;8;El Prat de Llobregat;2;cotxe i moto;POINT (2.088768 41.335179000000004)
Ajuntament de Llinars del Vallès;;NORMAL;Schuko;41640184225;2399023735;Ajuntament de Llinars del Vallès;;;;Avinguda  Pau Casals, 26;Barcelona;8;Llinars del Vallès;1;;POINT (2.399023735 41.640184225)
B:SM Serveis Municipals;APARCAMENT PUBLIC;NORMAL;Schuko;41388797;2192651;B:SM 40 - Wellington - Zoo;;;BSM039;Carrer de Ramon Trias Fargas, 19;Barcelona;8;Barcelona;1;cotxe;POINT (2.192651 41.388797)
Institut Català d'Energia i Ajuntament de Mataró;;semiRAPID;2xMENNEKES.F;4154458;244729;EdRsR Mataró Rocafonda (AC22kW);22;AC;;Carrer Rocafonda, 2;Barcelona;8;Mataró;2;;POINT (2.44729 41.54458)
B:SM Serveis Municipals;APARCAMENT PUBLIC;NORMAL;Schuko;414044;21972;B:SM 34 - Rambla Poblenou;;;BSM038;Rambla del Poblenou, 130;Barcelona;8;Barcelona;3;cotxe;POINT (2.1972 41.4044)
Endesa;VIA PUBLICA;NORMAL;Schuko;41420013;220167;10 AjBCN-Endesa Guipúscoa;;;LC023;Rambla de Guipúscoa, 103-105;Barcelona;8;Barcelona;2;moto;POINT (2.20167 41.420013)
BIMSA;VIA PUBLICA;NORMAL;Schuko;41396281;2159284;Lateral-Mar Diagonal (Còrsega) 1;;;LC045;Avinguda Diagonal, 387;Barcelona;8;Barcelona;2;moto;POINT (2.159284 41.396281)
TESLA;APARCAMENT HOTEL;semiRAPID;TESLA;4181987;296417;TESLA Destinació - Salles Hotel Mas Tapiolas (22kW);22;AC;;Carretera C-65 km. 7;Girona;17;Santa Cristina d'Aro;1;cotxe;POINT (2.96417 41.81987)
Institut Català d'Energia i Ajuntament de Sant Feliu de Guíxols;;semiRAPID;2xMENNEKES.F;4179432;301903;EdRsR Guíxols-Mas Trempat (AC22kW) PIRVEC-30;22;AC;PIRVEC-30;Carrer Mas Trempat, 1;Girona;17;Sant Feliu de Guíxols;2;;POINT (3.01903 41.79432)
Camping;APARCAMENT CAMPING;semiRAPID i NORMAL;MENNEKES.F+Schuko;4217743;310797;Camping Aquarius (AC22kW);22;AC;;Camí Vell a Sant Pere Pescador;Girona;17;Sant Pere Pescador;4;cotxe i moto;POINT (3.10797 42.17743)
TESLA;APARCAMENT HOTEL;semiRAPID;TESLA;4227591;295365;TESLA Destinació - Hotel Empordà Figueres (11kW);11;AC;;Avinguda de Salvador Dalí i Domènech, 170;Girona;17;Figueres;1;cotxe;POINT (2.95365 42.27591)
Area Metropolitana de Barcelona;VIA PUBLICA (AMB);RAPID i NORMAL;CCS Combo2+ChadeMO+MENNEKES.M+shucko;4129728;200811;EdRR Gavà (DC50kW AC43kW) AMB4;50;AC-DC;AMB4;Carrer del Progrès, 54;Barcelona;8;Gavà;4;cotxe i moto;POINT (2.00811 41.29728)
IBERDROLA SERVICIOS ENERGETICOS, SAU;VIA PUBLICA;NORMAL;Schuko;41393854;2108432;108 MOBECPOINT-IESE Pearson;;;LC038;Avinguda  de Pearson, 19;Barcelona;8;Barcelona;10;moto;POINT (2.108432 41.393854)
TESLA Hotel Mas la Boella;APARCAMENT HOTEL;superRAPID;TESLA+MENNEKES.F;41134761;1169125;TESLA Supercarregador - Tarragona - Hotel Mas la Boella (120kW);120;DC;;Autovia T-11 sortida 12, La Canonja;Tarragona;43;La Canonja;4;cotxe;POINT (1.169125 41.134761000000005)
GAICU;VIA PUBLICA;RAPID;CCS Combo2+ChadeMO+MENNEKES.M;41431152;2183394;EdRR-Meridiana-Estació BUS (DC50kW AC43kW);50;AC-DC;FC008;Avinguda Meridiana, 400E;Barcelona;8;Barcelona;1;cotxe;POINT (2.183394 41.431152)
Ajuntament de Rubí;;RAPID i semiRAPID;CCS Combo2+ChadeMO+MENNEKES.M+2xMENNEKES.F+2xSchucko;4148569;203037;EdRR Rubí FORMA -Joan Miró- (DC50kW AC43kW);50;AC-DC;;Rambleta Joan Miró;Barcelona;8;Rubí;5;cotxe i moto;POINT (2.03037 41.48569)
Institut Català d'Energia i Ajuntament d'Olot;;RAPID;CCS Combo2+ChadeMO+MENNEKES.M;4218898;249879;EdRR Olot 2 La Rodona (DC50kW AC22kW) PIRVEC-17;50;AC-DC;PIRVEC-17;Carretera de les Tries, 1;Girona;17;Olot;2;;POINT (2.49879 42.18898)
Institut Català d'Energia i GESTVIA Calella;;semiRAPID i NORMAL;MENNEKES.F + Schuko;4161658;266029;EdRsR Calella (AC22kW) PIRVEC-23;22;AC;PIRVEC-23;Carrer de Sant Joan - Carretera N-II;Barcelona;8;Calella;2;;POINT (2.66029 41.61658)
GAICU;VIA PUBLICA;RAPID;CCS Combo2+ChadeMO+MENNEKES.M;41414478;2172243;EdRR-Mas Casanova - H Sant Pau (DC50kW AC43kW);50;AC-DC;FC007;Carrer de Mas Casanova, 69;Barcelona;8;Barcelona;1;cotxe;POINT (2.172243 41.414478)
;;semiRAPID i NORMAL;2xMENNEKES,F+ 2xSchuko;4078493;52571;EdRsR CC Baix Ebre-Tortosa (AC22kW) PIRVEC-25;22;AC;PIRVEC-25;Avinguda de Barcelona, 221;Tarragona;43;Tortosa;;;POINT (0.52571 40.78493)
TESLA;APARCAMENT HOTEL;semiRAPID;TESLA;4141069;213629;TESLA Destinació - Restaurant Hotel ABaC (22kW);22;AC;;Avinguda Tibidabo, 1;Barcelona;8;Barcelona;1;cotxe;POINT (2.13629 41.41069000000001)
Institut Català d'Energia i Ajuntament de Girona;VIA PUBLICA;RAPID;CCS Combo2+ChadeMO+MENNEKES.M;4199248;281913;EdRR Girona Nord -Carles Puigdemont- (DC50kW AC43kW);50;AC-DC;PIRVEC-5;Carrer Joan Josep Tharrats i Vidal, 2;Girona;17;Girona;2;cotxe;POINT (2.81913 41.99248)
GAICU;VIA PUBLICA;semiRAPID;MENNEKES.F;41375233;2151765;(eTAXI) Llançà - Paral·lel (7.4kW);75;AC;QC006;Carrer de Llançà, 3 - Avinguda  del Paral·lel;Barcelona;8;Barcelona;2;taxi;POINT (2.151765 41.375233)
;;semiRAPID;TESLA i MENNEKES;4144083;219849;CC La Maquinista (22kW);22;AC;;Carrer de Potosí, 2;Barcelona;8;Barcelona;4;;POINT (2.19849 41.44083)
;;semiRAPID;2xMENNEKES.F;4174441;18054;EdRsR Sant Joan de Vilatorrada (AC22kW);22;AC;;Carrer Major, 54;Barcelona;8;Sant Joan de Vilatorrada;2;;POINT (1.8054 41.74441)
;;;CCS Combo2+ChadeMO+MENNEKES.M;4101008;93888;EdRR Mont-Roig del Camp (DC50kW AC43kW) PIRVEC-31;50;AC-DC;PIRVEC-31;Avinguda del Mar, 21;Tarragona;43;Mont-Roig del Camp;;;POINT (0.93888 41.01008)
Ajuntament de Girona;VIA PUBLICA;NORMAL;Schuko;4,19815E+15;2,82323E+15;Girona- Pl.Catalunya (S-W);;;;Plaça Catalunya, 24;Girona;17;Girona;1;;POINT (2.823227494955063 41.98145668149892)
Abertis-saba;VIA PUBLICA;NORMAL;Schuko;41340072;2125827;Seu zona franca Saba;;;;Carrer numero Un;Barcelona;8;Barcelona;2;cotxe i moto;POINT (2.125827 41.340072)
Institut Català d'Energia i Ajuntament de Mataró;;semiRAPID;2xMENNEKES.F;4153969;242597;EdRsR Mataró Gatassa (AC22kW);22;AC;;Avinguda de la Gatassa, 130;Barcelona;8;Mataró;4;;POINT (2.42597 41.53969)
Institut Català d'Energia i Ajuntament de Lleida;VIA PUBLICA;RAPID;CCS Combo2+ChadeMO+MENNEKES.M;4160766;62231;EdRR Lleida (DC50kW AC43kW);50;AC-DC;PIRVEC-8;Carrer Jaume II, 73;Lleida;25;Lleida;2;cotxe;POINT (0.6223100000000001 41.60766)
IBIL;ESTACIÓ DE SERVEI (IBIL);RAPID;CCS Combo2+ChadeMO+MENNEKES.M;42025269;2865046;IBIL ES REPSOL-Celrà (DC50kW AC43kW);50;AC-DC;;Carretera C-66, km 30,5;Girona;17;Celrà;1;cotxe;POINT (2.865046 42.025269)
Vincipark;APARCAMENT PUBLIC;NORMAL;Schuko;41382694;2139639;Aparcament Vincipark Numància;;;;Carrer de Numància, 37;Barcelona;8;Barcelona;3;;POINT (2.139639 41.382694)
REGESA;APARCAMENT PUBLIC;NORMAL;Schuko;41306022;2005376;REGESA Torre Lluch;;;;Carrer del Centre, 3;Barcelona;8;Gavà;2;cotxe i moto;POINT (2.005376 41.306022000000006)
;;semiRAPID;2xMENNEKES.F;4128755;125847;EdRsR Valls (AC22kW);22;AC;;Carrer Prat de la Riba, 16;Tarragona;43;Valls;2;;POINT (1.25847 41.28755)
BIMSA;VIA PUBLICA;NORMAL;Schuko;41394501;2152312;Lateral-Mar Diagonal (Aribau-Enric Granados) 1;;;LC043;Avinguda Diagonal, 429;Barcelona;8;Barcelona;2;moto;POINT (2.152312 41.394501)
B:SM Serveis Municipals;APARCAMENT PUBLIC;NORMAL;MENNEKES.F+Schuko;41426239;2143323;B:SM 37 - Sant Genís Vall d'Hebrón;;;BSM041;Passeig de la Vall d'Hebrón, 138-176;Barcelona;8;Barcelona;2;cotxe;POINT (2.143323 41.426239)
Endesa;VIA PUBLICA;NORMAL;Schuko;41393948;2156007;22 AjBCN-Endesa;;;LC003;Carrer de Còrsega, 264;Barcelona;8;Barcelona;2;moto;POINT (2.156007 41.393948)
;;semiRAPID i NORMAL;2xMENNEKES.F+Schuko;4114367;112927;EdRsR FiraReus (7.5kW);75;AC;;Avinguda Argentina;Tarragona;43;Reus;;;POINT (1.12927 41.14367)
TESLA;APARCAMENT HOTEL;semiRAPID;TESLA;4213143;312174;TESLA Destinació - Hotel Empuries (11kW);11;AC;;Avinguda Pi i Llusà, Platja;Girona;17;Empuries;2;cotxe;POINT (3.12174 42.13143)
GAICU;VIA PUBLICA;RAPID;CCS Combo2+ChadeMO+MENNEKES.M;4140646;215223;EdRR-Torrent de l'Olla (DC50kW AC43kW);50;AC-DC;FC005;Carrer Torrent de l'Olla, 203;Barcelona;8;Barcelona;1;cotxe;POINT (2.15223 41.40646)
Ajuntament Montornès;VIA PUBLICA;NORMAL;MENNEKES.F+Schuko;41545427;2266663;Ajuntament Montornès;;;;Avinguda de la Llibertat, 2;Barcelona;8;Montornès del Vallès;2;cotxe i moto;POINT (2.266663 41.545427)
HOTEL MELIÀ SITGES;APARCAMENT PUBLIC;NORMAL;Schuko;4123712;182353;Hotel Melià Sitges;;;;Joan Salvat Papasseit, 38;Barcelona;8;Sitges;4;cotxe i moto;POINT (1.8235300000000003 41.23712)
AMERSAM;APARCAMENT PUBLIC;NORMAL;MENNEKES.F+Schuko;41155844;1101972;Aparcament Oques;;;;Passeig de Sunyer, 5;Tarragona;43;Reus;4;cotxe i moto;POINT (1.101972 41.155844)
MEROIL;ESTACIÓ SERVEI;NORMAL;Schuko;41448;21883;Meroil Meridiana;;;;Avinguda Meridiana, 666;Barcelona;8;Barcelona;1;cotxe i moto;POINT (2.1883 41.448)
ESSER;ESTACIÓ DE SERVEI;RAPID;CCS Combo2+ChadeMO+MENNEKES.M;4162414;2675;EdRR ESSER Pineda (DC50kW AC43kW);50;AC-DC;;Carrer Carles I, 8;Barcelona;8;Pineda de Mar;2;;POINT (2.675 41.62414)
B:SM Serveis Municipals;APARCAMENT PUBLIC;NORMAL;MENNEKES.F+Schuko;41459612;2175628;B:SM 42 - Ciutat Meridiana;;;BSM035;Carrer dels Rasos de Peguera, 51 S;Barcelona;8;Barcelona;3;cotxe o moto;POINT (2.175628 41.459612)
B:SM Serveis Municipals;APARCAMENT PUBLIC;NORMAL;MENNEKES.F+Schuko;41405746;2162722;B:SM 28 - Plaça Joanic;;;BSM021;Carrer de l'Escorial, 1 - Pl. Joanic, 1;Barcelona;8;Barcelona;4;cotxe i moto;POINT (2.162722 41.405746)
AEB;VIA PUBLICA;NORMAL;Schuko;41381355;2129424;90 AjBCN-ETRA-COBRA Figols, Jardins Drs.Dolsa;;;LC011;Carrer de Fígols, 6;Barcelona;8;Barcelona;2;cotxe i moto;POINT (2.129424 41.381355)
;APARCAMENT PUBLIC;NORMAL;Schuko;4178188;183677;Aparcament Cal Llobet-Selba;;;;Carrer Roger de Flor, 11;Barcelona;8;Santpedor;;cotxe i moto;POINT (1.8367700000000002 41.78188)
Hotel MEDITERREAN LODGE L'Ampolla Resort;HOTEL;NORMAL;Schuko;408212;6887;Hotel MEDITERRANEAN LODGE L'Ampolla Resort;;;;Partida Mataret, 155;Tarragona;43;L'Ampolla;1;cotxe i moto;POINT (0.6887 40.8212)
;;semiRAPID i NORMAL;MENNEKES.F+Schuko;415067;214816;Fenie Ripollet;;;;Avinguda del Mediterrani, 2;Barcelona;8;Ripollet;2;cotxe i moto;POINT (2.14816 41.5067)
Parking Galvany;;NORMAL;Schuko i MENNEKES.F;4,1397E+14;2,14315E+14;Aparcament Galvany;;;;Carrer de Calaf, 28;Barcelona;8;Barcelona;2;cotxe i moto;POINT (2.14315306395292 41.3969749826735)
Endesa;VIA PUBLICA;NORMAL;Schuko;41397507;2119605;05 AjBCN-Endesa Domínguez Miralles- J.V.Foix;;;LC030;Avinguda Josep Vicenç Foix, 86;Barcelona;8;Barcelona;2;moto;POINT (2.119605 41.397507)
Institut Català d'Energia i Ajuntament de Roses;;semiRAPID i NORMAL;CCS Combo2+ChadeMO+MENNEKES.F;4226344;31787;EdRsR Roses (DC28kW AC22kW) PIRVEC-21;22;AC-DC;PIRVEC-21;Carrer de la Riera Ginjolers, 68;Girona;17;Roses;2;;POINT (3.1787 42.26344000000001)
EMPARK;APARCAMENT PUBLIC;NORMAL;Schuko;41118491;1246252;Aparcament EMPARK;;;;Rambla Nova, 124;Tarragona;43;Tarragona;1;cotxe i moto;POINT (1.246252 41.118491)
Ajuntament de Rubí;APARCAMENT PUBLIC;semiRAPID;MENNEKES+Schuko;41501781;2029948;EdRsR Rubí BRILLA-Can Serra (7.5kW);75;AC;;Carrer de Can Serra, 3;Barcelona;8;Rubí;7;cotxe i moto;POINT (2.029948 41.501781)
Camping Les Medes;APARCAMENT CAMPING;semiRAPID i NORMAL;MENNEKES.F+Schuko;4204324;318497;Camping Les Medes (AC22kW);22;AC;;Paratge Camp de l'arbre, s/n;Girona;17;L'Estartit;2;cotxe i moto;POINT (3.18497 42.04324)
B:SM Serveis Municipals;APARCAMENT PUBLIC;NORMAL;MENNEKES.F+Schuko;41407211;2151497;B:SM 39 - Torrent de l'Olla;;;BSM002;Carrer del Torrent de l'Olla, 221;Barcelona;8;Barcelona;3;cotxe;POINT (2.151497 41.407211)
Aparcament Els Costals;APARCAMENT PUBLIC;NORMAL;Schuko;414741;198295;Aparcament Els Costals;;;;Avinguda de Pau Casals, 16;Barcelona;8;Castellbisbal;;cotxe i moto;POINT (1.9829500000000002 41.4741)
Ajuntament de Terrassa;APARCAMENT PUBLIC;NORMAL;Schuko;4156074;20064;Plaça Progrés-Cotxes;;;;Carrer Arquimedes, 155;Barcelona;8;Terrassa;3;moto;POINT (2.0064 41.56074)
;;semiRAPID;2xMENNEKES.F;4123965;18019;EdRsR Sitges (AC22kW);22;AC;;Carrer de Víctor Balaguer, 13;Barcelona;8;Sitges;2;cotxe i moto;POINT (1.8019000000000003 41.239650000000005)
GAICU;VIA PUBLICA;RAPID;CCS Combo2+ChadeMO+MENNEKES.M;41401313;2122488;EdRR-Via Augusta-Bonanova (DC50kW AC43kW);50;AC-DC;FC002;Via Augusta, 352;Barcelona;8;Barcelona;1;cotxe;POINT (2.122488 41.401313)
Gintra-Ap.Plaça Granollers;APARCAMENT PUBLIC;NORMAL;Schuko;41540844099;243629352;Gintra-Ap.Plaça Granollers;;;;Camí de la Geganta, 117;Barcelona;8;Mataró;1;;POINT (2.43629352 41.540844099)
B:SM Serveis Municipals;APARCAMENT PUBLIC;NORMAL;Schuko;4137532;2169709;B:SM 48 - Plaça Raquel Meyer - Paral·lel;;;BAMSA007;Carrer de l'Abat Safont, 2;Barcelona;8;Barcelona;1;cotxe;POINT (2.169709 41.37532)
Aparcament MERCOLLEIDA;APARCAMENT PUBLIC;NORMAL;Schuko;416192746;6,36889E+14;Aparcament MERCOLLEIDA;;;;Avinguda Tortosa,4;Lleida;25;Lleida;1;;POINT (0.6368893999999727 41.6192746)
TESLA;APARCAMENT HOTEL;semiRAPID;TESLA;41388;217318;TESLA Destinació - Hotel H10 Cubik (22kW);22;AC;;Via Laietana, 69;Barcelona;8;Barcelona;1;cotxe;POINT (2.17318 41.388)
Ajuntament de Mataró;;semiRAPID;;4153882;244245;EdRsR Mataró Tereses (AC22kW);22;AC;;Plaça de les Tereses, 3-5;Barcelona;8;Mataró;2;;POINT (2.4424500000000005 41.53882)
AEB;VIA PUBLICA;NORMAL;Schuko;41406525;2152333;92 AjBCN-ETRA COBRA  Torrent de l'Olla;;;LC016;Carrer del Torrent de l'Olla, 222;Barcelona;8;Barcelona;2;moto;POINT (2.152333 41.406525)
;VIA PUBLICA;semiRAPID i NORMAL;MENNEKES.F+Schuko;4125937;177389;EdRsR Sant Pere de Ribes 1 (AC22kW);22;AC;;Lluís Companys, 75;Barcelona;8;Sant Pere de Ribes;2;cotxe i moto;POINT (1.77389 41.25937)
B:SM Serveis Municipals;APARCAMENT PUBLIC;NORMAL;MENNEKES.F+Schuko;414092;21681;B:SM 18 - Marina Gracia;;;BSM025;Carrer de la Marina, 345;Barcelona;8;Barcelona;6;cotxe i moto;POINT (2.1681 41.4092)
VNG Charlie Rivel;APARCAMENT PUBLIC;NORMAL;Schuko;41220585799;1723097599;Aparcament Charlie Rivel;;;;Carrer del Pare Garí, 91;Barcelona;8;Vilanova i la Geltrú;2;cotxe i moto;POINT (1.723097599 41.220585799)
BIMSA;VIA PUBLICA;semiRAPID;MENNEKES;4139537;2153832;(eDUM) Lateral-Muntanya Diagonal (Balmes-Tusset) (7-12kW);75;AC;QC008;Avinguda Diagonal, 508;Barcelona;8;Barcelona;2;mercaderies;POINT (2.153832 41.39537)
;;superRAPID;TESLA;4149923;207282;TESLA Supercarregador - Sant Cugat del Vallès (120kW);120;DC;;Camí de Can Camps, 13;Barcelona;8;Sant Cugat del Vallés;7;cotxe;POINT (2.07282 41.49923)
;;semiRAPID;MENNEKES.M;4193088;225542;Aparcament Xarxa Comercial;;;;Plaça de Santa Clara, 6;Barcelona;8;Vic;1;cotxe i moto;POINT (2.25542 41.93088)
B:SM Serveis Municipals;APARCAMENT PUBLIC;NORMAL;MENNEKES.F+Schuko;414274;21772;B:SM 16 - Illa Borbó;;;BSM019;Carrer de Ramon Albó ,77;Barcelona;8;Barcelona;2;cotxe i moto;POINT (2.1772 41.4274)
GAICU;VIA PUBLICA;RAPID;CCS Combo2+ChadeMO+MENNEKES.M;4144128;216499;EdRR-Mercat Canyelles-Rda Dalt (DC50kW AC43kW);50;AC-DC;FC006;Via Favència, 21;Barcelona;8;Barcelona;1;cotxe;POINT (2.16499 41.441280000000006)
Ajuntament de Vic;VIA PUBLICA;NORMAL;Schuko;41933748;2248307;Rectorat Universitat VIC;;;;Carrer Miramarges, 4;Barcelona;8;Vic;2;moto;POINT (2.248307 41.933748)
Institut Català d'Energia i Ajuntament de Girona;VIA PUBLICA;RAPID;CCS Combo2+ChadeMO+MENNEKES.M;4196365;281488;EdRR Girona Sud -Quim Torra- (DC50kW AC43kW);50;AC-DC;PIRVEC-6;Carrer del Riu Cardener, 30;Girona;17;Girona;2;cotxe;POINT (2.81488 41.96365)
B:SM Serveis Municipals;APARCAMENT PUBLIC;NORMAL;MENNEKES.F+Schuko;413744;21597;B:SM 33 - Plaça Navas;;;BSM033;Carrer de Jaume Fabra, 12;Barcelona;8;Barcelona;5;cotxe i moto;POINT (2.1597 41.3744)
IBIL;ESTACIÓ DE SERVEI (IBIL);RAPID;CCS Combo2+ChadeMO+MENNEKES.M;41596529;2309376;IBIL-ES REPSOL C-352  (DC50kW AC43kW);50;AC-DC;;Carretera de Barcelona, C-352;Barcelona;8;La Roca del Vallès;1;cotxe;POINT (2.309376 41.596529)
Area Metropolitana de Barcelona;VIA PUBLICA (AMB);RAPID i NORMAL;CCS Combo2+ChadeMO+MENNEKES.M+shucko;4151058;213254;EdRR Barberà del Vallès (DC50kW AC43kW) AMB9;50;AC-DC;AMB9;Carrer d'Arquímedes, 4;Barcelona;8;Barberà del Vallès;2;;POINT (2.13254 41.51058)
Masià;APARCAMENT CLIENTS;NORMAL;Schuko;416995;23834;Masia Can Pau Filbà;;;;Masia aïllada;Barcelona;8;Sant Pere Vilamajor;2;cotxe i moto;POINT (2.3834 41.6995)
CC CARREFOUR MANRESA;APARCAMENT CC;NORMAL;Schuko;417227;18456;CC CARREFOUR MANRESA;;;;Carrer de Joan Fuster-Avinguda Països Catalans;Barcelona;8;Manresa;1;;POINT (1.8456 41.7227)
;;semiRAPID;2xMENNEKES.F;41079048;1132352;EdRsR Salou (AC22kW);22;AC;;Avinguda Roma,11;Tarragona;43;Salou;;;POINT (1.132352 41.079048)
Ajuntament Cambrils;VIA PUBLICA;semiRAPID i NORMAL;MENNEKES.F+Schuko;4106491;105732;EdRsR Cambrils 1 (7.5kW);75;AC;;Carrer de Robert Gerhard, 4;Tarragona;43;Cambrils;4;cotxe i moto;POINT (1.05732 41.06491)
22@;VIA PUBLICA;NORMAL;Schuko;41396934;2199915;30 AjBCN-22@ Ciutat de Granada;;;LC025;Carrer de la Ciutat de Granada, 19;Barcelona;8;Barcelona;1;cotxe i moto;POINT (2.199915 41.396934)
Institut Català d'Energia i Ajuntament de Reus;VIA PUBLICA;RAPID;CCS Combo2+ChadeMO+MENNEKES.M;4115472;111168;EdRR Reus Riera Miró (DC50kW AC43kW);50;AC-DC;PIRVEC-4;Riera d'Aragó, 30, ó Raval de Sant Pere, 27-29;Tarragona;43;Reus;2;cotxe;POINT (1.11168 41.15472)
Gas Natural Fenosa;;RAPID;CCS Combo2+ChadeMO+MENNEKES.M;4152427;242684;EdRR Mataró Tub Verd COFAST (DC50kW AC43kW);50;AC-DC;;Carretera N-II, km 644;Barcelona;8;Mataró;2;;POINT (2.42684 41.52427)
B:SM Serveis Municipals;APARCAMENT PUBLIC;NORMAL;MENNEKES.F+Schuko;41416515;2180421;B:SM 26 - Pg. Maragall (C.A.P.);;;BSM028;Passeig  de Maragall, 54;Barcelona;8;Barcelona;6;cotxe i moto;POINT (2.180421 41.416515)
Institut Català d'Energia i Ajuntament de Mataró;;semiRAPID;2xMENNEKES.F;4154148;244324;EdRsR Mataró Muralla Presó (AC22kW);22;AC;;Muralla de la Presó, 11;Barcelona;8;Mataró;2;;POINT (2.44324 41.54148)
;;semiRAPID i NORMAL;MENNEKES.F+Schuko;411943;162413;EdRsR Cunit (AC22kW);22;AC;;Avinguda Sitges, 4A;Tarragona;17;Cunit;2;;POINT (1.62413 41.1943)
Gran Jonquera;APARCAMENT CC;NORMAL;MENNEKES.F+Schuko;4240251;288104;Gran Jonquera;;;;Avinguda de Galícia, 22-28;Girona;17;La Jonquera;6;cotxe i moto;POINT (2.88104 42.40251)
;;semiRAPID i NORMAL;MENNEKES.F+Schuko;4118619;151388;Caprabo Benzinera;;;;Avinguda Masos-Carretera N-340;Tarragona;43;El Vendrell;2;cotxe i moto;POINT (1.51388 41.18619)
Restaurant El Molí de Mallol;RESTAURANT;NORMAL;Schuko;413793661;11631832;Restaurant El Molí de Mallol;;;;Carrer  de la Muralla  de Santa Anna, 19;Tarragona;43;Montblanc;1;moto i cotxe;POINT (1.1631832 41.3793661)
AEB;VIA PUBLICA -VORERA;NORMAL;Schuko;41382069;2191673;87 AjBCN-ETRA COBRA (Vorera Associació SEBA);;;LC002;Passeig de Salvat Papasseit, 15 - Carrer Ginebra;Barcelona;8;Barcelona;2;moto;POINT (2.1916730000000006 41.382069)
;;semiRAPID i NORMAL;MENNEKES.F+Schuko;4155784;204247;EdRsR Cementiri de Terrassa (7.5kW);75;AC;;Carretera de Montcada, 779A;Barcelona;8;Terrassa;2;;POINT (2.04247 41.55784)
TESLA;APARCAMENT HOTEL;semiRAPID;TESLA;4152733;23107;TESLA Destinació - Mas Salagros, Ecoresort & Ancient Baths (22kW);22;AC;;Riera de Vallromanes, S/N;Barcelona;8;Vallromanes;1;cotxe;POINT (2.3107 41.52733)
B:SM Serveis Municipals;APARCAMENT PUBLIC;NORMAL;MENNEKES.F+Schuko;41401408;2133986;B:SM 12 - Ferran Casablancas;;;BSM003;Carrer de Josep Balari, 9;Barcelona;8;Barcelona;4;cotxe i moto;POINT (2.133986 41.401408)
B:SM Serveis Municipals;APARCAMENT PUBLIC;NORMAL;Schuko;41401794;2160702;B:SM 47 - Siracusa;;;BAMSA010;Carrer de Siracusa, 39 - 51;Barcelona;8;Barcelona;1;cotxe;POINT (2.160702 41.401794)
Ajuntament de Granollers;;RAPID;CCS Combo2+ChadeMO+MENNEKES.M;4160002;228025;EdRR Granollers (DC50kW AC43kW);50;AC-DC;;Carrer Camp de les Moreres, 25;Barcelona;8;Granollers;2;;POINT (2.28025 41.60002)
AMERSAM;APARCAMENT PUBLIC;NORMAL;MENNEKES.F+Schuko;41153851;1101613;Aparcament Passeig Prim;;;;Camí de Riudoms, 27;Tarragona;43;Reus;2;cotxe i moto;POINT (1.101613 41.153851)
;;NORMAL;MENNEKES.F+Schuko;4137758;208867;Esplugues S.Magdalena;;;;Plaça Santa Magdalena, 4;Barcelona;8;Esplugues de Llobregat;1;cotxe i moto;POINT (2.08867 41.37758)
;;semiRAPID i NORMAL;MENNEKES.F+Schuko;4118305;56667;EdRsR Ascó-Unió (AC22kW);22;AC;;Carrer Unió, 8;Tarragona;43;Ascó;2;cotxe i moto;POINT (0.56667 41.18305)
Area Metropolitana de Barcelona;VIA PUBLICA (AMB);RAPID i NORMAL;CCS Combo2+ChadeMO+MENNEKES.M+shucko;4137443;207219;EdRR Sant Joan Despí-TV3 (DC50kW AC43kW) AMB3;50;AC-DC;AMB3;Carrer de la TV3, 1;Barcelona;8;Sant Joan Despí;4;cotxe i moto;POINT (2.07219 41.37443)
Ajuntament de Castelldefels;VIA PUBLICA;NORMAL;Schuko;41281941;1980239;Aparcament Arcadi Balaguer-Albert Einstein;;;;Carrer d'Arcadi Balaguer- Carrer d'Albert Einstein;Barcelona;8;Castelldefels;2;cotxe i moto;POINT (1.980239 41.281941)
AMERSAM;APARCAMENT PUBLIC;NORMAL;MENNEKES.F+Schuko;41158966;1106615;Aparcament Llibertat;;;;Plaça Llibertat;Tarragona;43;Reus;4;cotxe i moto;POINT (1.106615 41.158966)
Leroy Merlin;APARCAMENT CC;NORMAL;Schuko;4148142;204547;CC Leroy Merlin Sant Cugat;;;;Parc. Activ. Econòmiques, Carretera de Rubí, s/n;Barcelona;8;Sant Cugat del Valles;;cotxe i moto;POINT (2.04547 41.48142)
B:SM Serveis Municipals;APARCAMENT PUBLIC;NORMAL;MENNEKES.F+Schuko;41385662;2193913;B:SM 25 - P.R.Biomèdica;;;BSM026;Carrer del Doctor Aiguader, 88;Barcelona;8;Barcelona;7;cotxe i moto;POINT (2.193913 41.385662)
GAICU;VIA PUBLICA;semiRAPID;MENNEKES.F;41406959;2218313;(eTAXI) Garcia i Fària - Josep Pla (7.4kW);75;AC;QC005;Carrer Josep Pla-Passeig Garcia Fària, 87;Barcelona;8;Barcelona;2;taxi;POINT (2.218313 41.406959)
AMERSAM;APARCAMENT PUBLIC;NORMAL;MENNEKES.F+Schuko;41152793;110902;Aparcament Baluard;;;;Raval Robuster, 47;Tarragona;43;Reus;2;cotxe i moto;POINT (1.10902 41.152793)
SERVICIOS MERIDIANA;APARCAMENT PUBLIC;NORMAL;Schuko;41408394;2177052;115 SERVICIOS MERIDIANA;;;;Carrer de Rosselló, 503-505;Barcelona;8;Barcelona;4;cotxe i moto;POINT (2.177052 41.40839400000001)
;VIA PUBLICA;NORMAL;Schuko;4138028;218729;AjBCN-Joan de Borbó;;;;Joan de Borbó, 12 - Maquinista;Barcelona;8;Barcelona;2;moto;POINT (2.18729 41.380280000000006)
AEB;VIA PUBLICA;NORMAL;Schuko;41396236;218219;91 AjBCN-ETRA COBRA;;;LC005;Carrer d'Ausiàs March, 118;Barcelona;8;Barcelona;2;cotxe i moto;POINT (2.18219 41.396236)
Gintra-Ap. Parc Central;APARCAMENT PUBLIC;NORMAL;Schuko;41544018552;2440582297;Gintra-Ap. Parc Central;;;;Camí de la Geganta, 15;Barcelona;8;Mataró;1;;POINT (2.440582297 41.544018552)
Area Metropolitana de Barcelona;VIA PUBLICA (AMB);RAPID i NORMAL;CCS Combo2+ChadeMO+MENNEKES.M+shucko;414828;205134;EdRR Sant Cugat (DC50kW AC43kW) AMB8;50;AC-DC;AMB8;Avinguda de la Via Augusta, 2-14;Barcelona;8;Sant Cugat del Vallès;2;;POINT (2.05134 41.4828)
;;semiRAPID;2xMENNEKES.F;4175166;187694;EdRsR Sant Fruitós del Bages 1 (AC22kW);22;AC;;Carretera de Vic, 96;Barcelona;8;Sant Fruitós de Bages;;;POINT (1.8769399999999998 41.75166)
Vincipark;APARCAMENT PUBLIC;NORMAL;Schuko;41393803;2138297;Aparcament Vincipark Ganduxer;;;;Carrer Ganduxer, 25-27;Barcelona;8;Barcelona;4;cotxe i moto;POINT (2.138297 41.393803)
SOFOS ENERGIA;APARCAMENT PRIVAT;NORMAL;Schuko;41614821;684832;P.I. CIM-Els Frares SOFOS ENERGIA;;;;Poligon CIM-Els Frares , Vial A , Nau 5;Lleida;25;Lleida;1;;POINT (0.684832 41.614821)
TESLA;APARCAMENT HOTEL;semiRAPID;TESLA;4138537;215675;TESLA Destinació - Hotel Acevi Villarroel (11kW);11;AC;;Carrer Villaroel, 106;Barcelona;8;Barcelona;1;cotxe;POINT (2.15675 41.38537)
B:SM Serveis Municipals;APARCAMENT PUBLIC;NORMAL;MENNEKES.F+Schuko;41384186;2122279;B:SM 38 - Tanatori Les Corts;;;BSM007;Avinguda  de Joan XXIII, 23 - 25;Barcelona;8;Barcelona;4;cotxe i moto;POINT (2.122279 41.384186)
CC Splau!;APARCAMENT CC;NORMAL;Schuko;4,13482E+16;2,07806E+15;CC Splau!;;;;Avinguda  Baix Llobregat, 121, CC Splau!;Barcelona;8;Cornellà de Llobregat;6;cotxe;POINT (2.0780575275421143 41.348210524810646)
;;semiRAPID;2xMENNEKES.F;4142394;178662;EdRsR Ajuntament de Sant Sadurní d'Anoia (AC7.5kW);75;AC;;Carrer de Sant Antoni, 20-26;Barcelona;8;Sant Sadurní d'Anoia;;;POINT (1.78662 41.42394)
SERVICIOS MERIDIANA;APARCAMENT PUBLIC;NORMAL;Schuko;41399605;2170186;114 SERVICIOS MERIDIANA;;;;Carrer de Mallorca, 335;Barcelona;8;Barcelona;6;cotxe i moto;POINT (2.170186 41.399605)
BIMSA;VIA PUBLICA;NORMAL;Schuko;41393227;2145783;Lateral-Muntanya Diagonal (Travessera Gràcia) 1;;;LC047;Avinguda Diagonal, 598;Barcelona;8;Barcelona;2;moto;POINT (2.145783 41.393227)
Aparcament Centre Olot;APARCAMENT PUBLIC;NORMAL;MENNEKES.F+Schuko;4218294;248422;Aparcament Centre Olot;;;;Passeig del Bisbe Ramon Guillamet, 7;Girona;17;Olot;2;cotxe;POINT (2.48422 42.18294)
Endesa;VIA PUBLICA;NORMAL;Schuko;4141396;2142913;01 AjBCN-Endesa-Clinica Delfos;;;LC015;Avinguda de Vallcarca, 154;Barcelona;8;Barcelona;2;moto;POINT (2.142913 41.41396)
Estabanell y Pahisa;VIA PUBLICA (codiQR);NORMAL;Schuko;4184919539;222780389;EP-Estabanell y Pahisa TONA;;;;Carretera Manresa, s/n;Barcelona;8;Tona;1;cotxe;POINT (2.22780389 41.84919539)
B:SM Serveis Municipals;APARCAMENT PUBLIC;NORMAL;Schuko;41379559;216201;B:SM 46 - Urgell;;;BAMSA003;Carrer del Comte d'Urgell, 14;Barcelona;8;Barcelona;1;cotxe;POINT (2.16201 41.379559)
Aparcament Vapor Turull;APARCAMENT PUBLIC;NORMAL;Schuko;41549386309;2111784403;Aparcament Vapor Turull;;;;Carrer de la Creueta;Barcelona;8;Sabadell;1;;POINT (2.111784403 41.549386309)
;VIA PUBLICA;semiRAPID i NORMAL;MENNEKES.F+Schuko;4175166;187694;EdRsR Sant Fruitós de Bages (AC22kW);22;AC;;Carretera de Vic, 96;Barcelona;8;Sant Fruitós de Bages;2;cotxe i moto;POINT (1.8769399999999998 41.75166)
TABASA E.S. Tunel Vallvidrera;ESTACIÓ SERVEI;NORMAL;Schuko;41433258;2078548;97 TABASA E.S. Tunel Vallvidrera;;;;Carretera C-16, km 6,45;Barcelona;8;Barcelona;4;cotxe i moto;POINT (2.078548 41.433258)
Hotel Ciutat de Granollers;APARCAMENT HOTEL;NORMAL;MENNEKES.F+Schuko;4160092;229588;Hotel Ciutat de Granollers;;;;Carrer del Turó Groguet, 2;Barcelona;8;Granollers;1;cotxe;POINT (2.29588 41.60092)
Melià BCN;HOTEL;NORMAL;Schuko;41390865;2141604;Melià BCN;;;;Avinguda  Sarrià, 50;Barcelona;8;Barcelona;2;cotxe;POINT (2.141604 41.390865)
TESLA;APARCAMENT HOTEL;semiRAPID;TESLA;4179054;30558;TESLA Destinació - Hostal de la Gavina (11kW);11;AC;;Plaça Rosaleda, S/N;Girona;17;S'Agaró;1;cotxe;POINT (3.0558 41.79054)
Endesa;VIA PUBLICA;NORMAL;Schuko;41381421;218197;19 AjBCN-Endesa-Correus-Via Laietana;;;LC001;Plaça Antoni Lòpez,  s/n;Barcelona;8;Barcelona;2;moto;POINT (2.18197 41.381421)
REGESA;APARCAMENT PUBLIC;NORMAL;Schuko;41392242;2139655;72 REGESA Wagner;;;;Plaça de Wagner, s/n;Barcelona;8;Barcelona;4;cotxe;POINT (2.139655 41.392242)
AMERSAM;VIA PUBLICA;NORMAL;MENNEKES.F+Schuko;41157893;1105291;Area P Plaça Pintor Fortuny;;;;Plaça Pintor Fortuny;Tarragona;43;Reus;2;cotxe i moto;POINT (1.105291 41.15789300000001)
TESLA;APARCAMENT HOTEL;semiRAPID;TESLA;4138702;219608;TESLA Destinació - Hotel Arts (22kW);22;AC;;Carrer de la Marina 19-21;Barcelona;8;Barcelona;2;cotxe;POINT (2.19608 41.38702)
REGESA;APARCAMENT PUBLIC;NORMAL;Schuko;4141851;2186116;74 REGESA Ferran Reyes;;;;Plaça de Ferran Reyes, 9;Barcelona;8;Barcelona;4;cotxe;POINT (2.186116 41.41851)
Generalitat de Catalunya;Aparcament Estació;NORMAL;Schuko;4148402;191808;Intercanviador FGC Martorell;;;FGCMART;Avinguda Comte de Llobregat - Plaça Joan Serrats;Barcelona;8;MARTORELL;2;cotxe i moto;POINT (1.9180800000000002 41.48402)
L'H2010;APARCAMENT CC;NORMAL;Schuko;41374238291;2119582102;CC BCN-Mercat de Collblanc;;;;Carrer Progrès, 33;Barcelona;8;L'Hospitalet de Llobregat;6;;POINT (2.119582102 41.374238291)
Endesa;VIA PUBLICA;NORMAL;Schuko;41375336;213044;18 AjBCN-Endesa;;;LC026;Rambla Badal, 165 - Carrer de Sants;Barcelona;8;Barcelona;2;moto;POINT (2.13044 41.375336)
Ajuntament de Balaguer;VIA PUBLICA;semiRAPID;2xMENNEKES.F;4178955;80485;EdRsR Balaguer (AC11kW);11;AC;;Plaça del Mercadal, 1-3;Lleida;25;Balaguer;2;cotxe i moto;POINT (0.80485 41.78955)
Ajuntament de Mataró;;RAPID;CCS Combo2+ChadeMO+MENNEKES.M;4154943;243201;EdRR Mataró-Finlàndia -Mikko Kärnä- (DC50kW AC43kW);50;AC-DC;;Carrer de Finlàndia, 2;Barcelona;8;Mataró;2;;POINT (2.43201 41.54943)
;;semiRAPID;2xMENNEKES.F+ 2xschuko;4108313;95859;EdRsR Mont-Roig del Camp Ajuntament (AC22kW);22;AC;;Carretera de Colldejou, 2;Tarragona;43;Mont-Roig del Camp;2;;POINT (0.95859 41.08313)
IBERDROLA SERVICIOS ENERGETICOS, SAU;VIA PUBLICA;NORMAL;Schuko;414064;22012;123 MOBECPOINT-Hotel Me;;;LC040;Carrer de Lope de Vega, 158 - Carrer Pere IV;Barcelona;8;Barcelona;9;moto;POINT (2.2012 41.4064)
Endesa;VIA PUBLICA;NORMAL;Schuko;41402999;2165666;12 AjBCN-Endesa;;;LC004;Carrer Indústria, 19 - Passeig de Sant Joan;Barcelona;8;Barcelona;2;moto;POINT (2.165666 41.402999)
;;RAPID;CCS Combo2+ChadeMO+MENNEKES.M;4235894;146321;EdRR La Seu d'Urgell (DC50kW AC43kW);50;AC-DC;;Avinguda Cami Ral de Cerdanya;Lleida;25;La Seu d'Urgell;2;cotxe;POINT (1.46321 42.35894)
;;RAPID;CCS Combo2+ChadeMO+MENNEKES.M;407949;52572;EdRsR-EdRR CC Baix Ebre-Tortosa (DC28kW AC22kW) PIRVEC-26;28;AC-DC;PIRVEC-26;Avinguda de Barcelona, 221;Tarragona;43;Tortosa;;;POINT (0.52572 40.7949)
SABA;APARCAMENT PUBLIC;NORMAL;Schuko;41387398;2168515;77 SABA Rambla Catalunya;;;;Rambla de Catalunya, 15;Barcelona;8;Barcelona;2;cotxe;POINT (2.168515 41.387398)
Gintra- Ap.TECNOCAMPUS;APARCAMENT PUBLIC;NORMAL;Schuko;41527773587;2433324182;Gintra-Ap.TECNOCAMPUS;;;;Carrer Tordera, 2;Barcelona;8;Mataró;1;;POINT (2.433324182 41.527773587)
Endesa;VIA PUBLICA;NORMAL;Schuko;41429535;2158481;02 AjBCN-Endesa;;;LC031;Carrer de Lisboa, 7-11;Barcelona;8;Barcelona;2;moto;POINT (2.158481 41.429535)
;APARCAMENT HOTEL;semiRAPID;TESLA;4139619;216095;TESLA Destinació - Hotel OMM (11kW);11;AC;;Carrer del Rosselló, 265;Barcelona;8;Barcelona;;;POINT (2.16095 41.39619)
;ESTACIÓ DE SERVEI (IBIL);RAPID;CCS Combo2+ChadeMO+MENNEKES.M;4125597;177889;IBIL ES REPSOL SANT PERE DE RIBES (DC50kW AC43kW);50;AC-DC;;Avinguda de Sitges, 100;Barcelona;8;Sant Pere de Ribes;2;;POINT (1.77889 41.25597)
Ajuntament de Ripoll;VIA PUBLICA;semiRAPID i NORMAL;MENNEKES.F+Schuko;4,22007E+14;2,19028E+14;EdRsR Ajuntament Ripoll (AC22kW);22;AC;;Carrer Berenguer el Vell, (Ajuntament);Girona;17;Ripoll;2;cotxe i moto;POINT (2.19027712941169 42.20067264302731)
;APARCAMENT HOTEL;superRAPID;TESLA;4185889;276771;TESLA Supercarregador - PGA Caldes de Malavella (120kW);120;DC;;Carretera N-II, km 701;Girona;17;Caldes de Malavella;10;cotxe;POINT (2.76771 41.85889)
Institut Català d'Energia i Ajuntament de Reus;VIA PUBLICA;RAPID;CCS Combo2+ChadeMO+MENNEKES.M;4115799;110527;EdRR Reus Pl.Llibertat (DC50kW AC43kW);50;AC-DC;PIRVEC-3;Carrer Ample, 2;Tarragona;43;Reus;2;cotxe;POINT (1.10527 41.15799)
Ajuntament de Vic;VIA PUBLICA;NORMAL;Schuko;41926851;2245734;Xemeneia del Sucre;;;;Avinguda del Mercat, 6;Barcelona;8;Vic;2;cotxe;POINT (2.245734 41.926851)
SABA;APARCAMENT PUBLIC;NORMAL;Schuko;41385239;2176462;79 SABA Mercat Sta.Caterina;;;;Avinguda  de la Catedral, 8;Barcelona;8;Barcelona;2;moto;POINT (2.176462 41.385239)
B:SM Serveis Municipals;APARCAMENT PUBLIC;NORMAL;MENNEKES.F+Schuko;41394238;2181891;B:SM 10 - Estació Barcelona-Nord;;;BSM014;Carrer d'Alí Bei, 54;Barcelona;8;Barcelona;8;cotxe i moto;POINT (2.181891 41.394238)
AEB;VIA PUBLICA;NORMAL;Schuko;41420052;2181559;95 AjBCN-ETRA-COBRA Maragall-Olesa;;;LC020;Plaça de Maragall, 21;Barcelona;8;Barcelona;2;cotxe i moto;POINT (2.181559 41.420052000000005)
B:SM Serveis Municipals;APARCAMENT PUBLIC;NORMAL;Schuko;41382126;2168188;B:SM 50 - Plaça dels Àngels;;;BAMSA005;Carrer dels Àngels, 1;Barcelona;8;Barcelona;3;cotxe o moto;POINT (2.168188 41.382126)
Area Metropolitana de Barcelona;VIA PUBLICA (AMB);RAPID i NORMAL;CCS Combo2+ChadeMO+MENNEKES.M+shucko;4149223;21856;EdRR Montcada i Reixac (DC50kW AC43kW) AMB10;50;AC-DC;AMB10;Carrer Tarragona, 32;Barcelona;8;Montcada i Reixac;2;;POINT (2.1856 41.49223)
Institut Català d'Energia i Ajuntament d'Amposta;VIA PUBLICA;RAPID;CCS Combo2+ChadeMO+MENNEKES.M;407124;57921;EdRR Amposta (DC50kW AC43kW);50;AC-DC;PIRVEC-1;Avinguda de l'Alcalde Palau, 57;Tarragona;43;Amposta;2;cotxe;POINT (0.57921 40.7124)
TESLA;APARCAMENT HOTEL;semiRAPID;TESLA;40582356;555737;TESLA Destinació - Hotel Carlos III (22kW);22;AC;;Carretera de Sant Carles a Alcanar, km 4;Tarragona;43;Alcanar;1;cotxe;POINT (0.555737 40.582356)
AEB;VIA PUBLICA;NORMAL;Schuko;41394226;2169715;88 AjBCN-ETRA COBRA Bruc-Consell de Cent;;;LC007;Carrer del Bruc, 84;Barcelona;8;Barcelona;2;cotxe i moto;POINT (2.169715 41.39422600000001)
TESLA Hotel Ibis;APARCAMENT HOTEL;superRAPID;TESLA;4166405;60536;TESLA Supercarregador - Hotel IBIS Styles Torrefarrera (120kW);120;DC;;Carrer La Variant S/N, Autovia A2 Salida 461;Lleida;25;Torrefarrera;6;cotxe;POINT (0.60536 41.66405000000001)
Institut Català d'Energia i Ajuntament d'Olot;;RAPID;CCS Combo2+ChadeMO+MENNEKES.M;4216753;247319;EdRR Olot 1 La Solfa (DC50kW AC22kW) PIRVEC-16;50;AC-DC;PIRVEC-16;Carrer Madrid, 220;Girona;17;Olot;2;;POINT (2.47319 42.16753)
Area Metropolitana de Barcelona;VIA PUBLICA (AMB);RAPID;CCS Combo2+ChadeMO+MENNEKES.M;4131814;207481;EdRR El Prat de Llobregat (DC50kW AC44kW) AMB1;50;AC-DC;AMB1;Plaça de la Volateria-Carrer de Canudas;Barcelona;8;EL PRAT DE LLOBREGAT;1;cotxe;POINT (2.07481 41.31814)
B:SM Serveis Municipals;APARCAMENT PUBLIC;NORMAL;Schuko;41385727;214285;B:SM 52 - Tarradelles-Entença;;;BAMSA013;Avinguda  de Josep Tarradellas, 64;Barcelona;8;Barcelona;1;cotxe;POINT (2.14285 41.385727)
;;semiRAPID;MENNEKES;4159329;228172;EdRsR Can Muntanyola (7.5kW);75;AC;;Camí del Mig, 22;Barcelona;8;Granollers;;;POINT (2.28172 41.59329)
Parc cientific;APARCAMENT PUBLIC;NORMAL;Schuko;41381573;2114353;110 Parc cientific;;;;Avinguda del Dr. Gregorio Marañón, 8;Barcelona;8;Barcelona;13;cotxe i moto;POINT (2.1143530000000004 41.381573)
Ajuntament de  Granollers;VIA PUBLICA;NORMAL;Schuko;41608160167;2287309987;Aparcament Can Comas;;;;Plaça de la Porxada, 6;Barcelona;8;Granollers;3;cotxe i moto;POINT (2.287309987 41.608160167)
REGESA;APARCAMENT PUBLIC;NORMAL;Schuko;41429783;2172896;REGESA Paul Claudel;;;;Plaça de Paul Claudel, s/n;Barcelona;8;Barcelona;4;cotxe;POINT (2.172896 41.429783)
Area Metropolitana de Barcelona;VIA PUBLICA (AMB);RAPID;CCS Combo2+ChadeMO+MENNEKES.M;413532641;20897608;EdRR Cornellà de Llobregat (DC50kW AC44kW) AMB2;50;AC-DC;AMB2;Carrer de Baltasar Oriol i Mercer-Avinguda de la Porta Diagonal;Barcelona;8;CORNELLÀ DE LLOBREGAT;1;cotxe;POINT (2.0897608 41.3532641)
;;RAPID;CCS Combo2+ChadeMO+MENNEKES.M;411896;156745;EdRR Calafell (DC50kW-AC45kW);50;AC-DC;;Carretera Sanatori, 29;Tarragona;43;Calafell;;;POINT (1.56745 41.1896)
HOTEL NH CONSTANZA;HOTEL;NORMAL;Schuko;413893292;2,16605E+15;HOTEL NH CALDERON;;;;Rambla de Catalunya, 26;Barcelona;8;Barcelona;1;;POINT (2.166049599999951 41.3893292)
;APARCAMENT HOTEL;semiRAPID;TESLA;4191431;168565;TESLA Destinació - Parador Cardona (11kW);11;AC;;Castell de Cardona s/n;Barcelona;9;Cardona;2;;POINT (1.68565 41.91431)
Hotel Turó de la Torre;HOTEL;NORMAL;Schuko;4,17387E+15;1,84121E+15;Hotel Turó de la Torre;;;;P.I. Els Dolors, Carrer de Sallent, S/N, Torre Alberni;Barcelona;8;Manresa;1;;POINT (1.8412050604820251 41.73874569186171)
IBIL;ESTACIÓ DE SERVEI (IBIL);RAPID;CCS Combo2+ChadeMO+MENNEKES.M;4,13827E+15;2,10638E+15;IBIL-ES Seu RACC (DC50kW AC43kW);50;AC-DC;;Avinguda Diagonal 695;Barcelona;8;Barcelona;1;cotxe;POINT (2.1063829958438873 41.38266517890297)
Endesa-Cepsa;ESTACIÓ SERVEI;FORA DE SERVEI;CHAdeMO;4140604;2201385;EdRR ES Cepsa-Endesa (DC50kW);50;DC;;Carrer de Lope de Vega, 125;Barcelona;8;Barcelona;1;cotxe;POINT (2.201385 41.40604)
Cal Pesolet;APARCAMENT;NORMAL;Schuko i MENNEKES.F;4,23455E+14;1,7681E+11;Cal Pesolet - Casa rural Ecològica;;;;Nèfol;Lleida;25;Bellver de Cerdanya;1;cotxe i moto;POINT (1.76810145378 42.3454867330786)
TESLA;APARCAMENT HOTEL;semiRAPID;TESLA;4137035;217139;TESLA Destinació - Hotel Miramar (22kW);22;AC;;Plaça Carlos Ibañez, 3;Barcelona;8;Barcelona;2;cotxe;POINT (2.17139 41.37035)
Ajuntament de Cabrils;APARCAMENT PUBLIC;NORMAL;Schuko;41526897;2366464;Aparcament Concòrdia;;;;Carrer del Torrent Roig, 6, Aparcament;Barcelona;8;Cabrils;1;cotxe i moto;POINT (2.366464 41.526897)
B:SM Serveis Municipals;APARCAMENT PUBLIC;NORMAL;Schuko;41379272;2169613;B:SM 49 - Sant Rafael;;;BAMSA006;Carrer de Sant Rafael, 15;Barcelona;8;Barcelona;4;cotxe;POINT (2.1696130000000005 41.379272)
SABA;APARCAMENT PUBLIC;NORMAL;Schuko;41393417;210702;81 SABA Escultor Ramir;;;;Plaça de l'Escultor Ramir Rocamora - Avinguda  Pearson, 21;Barcelona;8;Barcelona;2;cotxe;POINT (2.10702 41.393417)
Ajuntament Sant Vicenç Montalt;APARCAMENT PUBLIC;NORMAL;Schuko;4,15671E+15;2,52152E+15;Pèrgola FV, Aparcament N-II;;;;Carretara N-II, Carretera Sant Vicenç de Montalt BV-5034;Barcelona;8;Caldes d'Estrach;2;cotxe i moto;POINT (2.5215239077806473 41.56712807840754)
Ajuntament de Vic;APARCAMENT PUBLIC;NORMAL;J1772.F+Schuko;4,19339E+16;2,26024E+15;IES-VIC Aparcament (J1772);;;;Carrer Jose Maria Sert s/n;Barcelona;8;Vic;4;moto i cotxe;POINT (2.2602398693561554 41.933947446794036)
Ajuntament d'Alella;VIA PUBLICA;NORMAL;Schuko;4149187;2295535;Riera Fosca-Riera Alella;;;;Riera Fosca-Riera Alella;Barcelona;8;Alella;2;;POINT (2.295535 41.49187)
B:SM Serveis Municipals;APARCAMENT PUBLIC;NORMAL;MENNEKES.F+Schuko;41386972;2197056;B:SM 19 - Marina Port;;;BSM013;Carrer de la Marina, 13-17;Barcelona;8;Barcelona;9;cotxe i moto;POINT (2.197056 41.386972)
;VIA PUBLICA;semiRAPID;2xMENNEKES.F;4210443;185188;EdRsR Berga (AC11kW);11;AC;;Passeig de la Indústria, 13;Barcelona;8;Berga;2;;POINT (1.85188 42.10443)
BIMSA;VIA PUBLICA;NORMAL;Schuko;41395305;2153849;Lateral-Muntanya Diagonal (Balmes-Tusset) 2;;;LC050;Avinguda Diagonal, 508-510;Barcelona;8;Barcelona;2;moto;POINT (2.153849 41.395305)
;VIA PUBLICA;semiRAPID i NORMAL;MENNEKES.F+Schuko;4123829;175831;EdRsR Sant Pere de Ribes 3 (AC6kW);6;AC;;Carrer les Modistes, 8;Barcelona;8;Sant Pere de Ribes;2;cotxe i moto;POINT (1.75831 41.23829)
Ajuntament de la Seu d'Urgell;VIA PUBLICA;semiRAPID i NORMAL;MENNEKES.F+Schuko;423556;146035;EdRsR La Seu d'Urgell (AC22kW);22;AC;;Passeig Joan Brudieu;LLeida;25;La Seu d'Urgell;2;cotxe;POINT (1.46035 42.3556)
MERCABARNA;VIA PUBLICA;RAPID;CCS Combo2+ChadeMO+MENNEKES.M;4133003;211496;EdRR- Mercabarna (DC50kW AC43kW);50;AC-DC;FC013;Aparcament Mercabarna;Barcelona;8;Barcelona;1;cotxe;POINT (2.11496 41.33003)
;;semiRAPID;2xMENNEKES.F;4154412;189232;EdRsR Olesa 2 (AC22kW);22;AC;;Carrer de Mallorca, 2;Barcelona;8;Olesa de Montserrat;;;POINT (1.89232 41.54412)
TESLA;APARCAMENT HOTEL;semiRAPID;TESLA;4195399;312487;TESLA Destianció - Mas de Torrent Hotel & Spa (11kW);11;AC;;Afores de Torrent;Girona;17;Torrent;1;cotxe;POINT (3.12487 41.95399)
GAICU;VIA PUBLICA;RAPID;CCS Combo2+ChadeMO+MENNEKES.M;4140477;2174794;EdRR-Sagrada Família-Provença -KFC (DC50kW AC43kW);50;AC-DC;FC009;Carrer Provença, 447;Barcelona;8;Barcelona;1;cotxe;POINT (2.174794 41.40477)
B:SM Serveis Municipals;APARCAMENT PUBLIC;NORMAL;Schuko;41390085;2143525;B:SM 58 - Tarradelles-Sarrià;;;BAMSA009;Avinguda  de Josep Tarradellas, 139;Barcelona;8;Barcelona;1;cotxe;POINT (2.143525 41.390085)
AMERSAM;APARCAMENT PUBLIC;NORMAL;MENNEKES.F+Schuko;4115932;1102465;Aparcament Sant Ferran;;;;Carrer de Joan Martell, 23;Tarragona;43;Reus;2;cotxe i moto;POINT (1.102465 41.15932)
;;semiRAPID i NORMAL;MENNEKES.F+Schuko;4230895;301289;EdRsR Peralada (AC22kW);22;AC;;Camí de la Garriga, 3;Barcelona;8;Peralada;2;;POINT (3.01289 42.30895)
GAICU;VIA PUBLICA;semiRAPID;MENNEKES.F;41393005;2146561;(eTAXI) Villarroel- Diagonal (7.4kW);75;AC;QC004;Carrer de Villarroel,277-Avinguda  Diagonal;Barcelona;8;Barcelona;2;taxi;POINT (2.146561 41.393005)
SABA;APARCAMENT PUBLIC;NORMAL;Schuko;41389408;2183425;78 SABA Lluís Companys;;;;Passeig Lluís Companys, 2;Barcelona;8;Barcelona;4;cotxe;POINT (2.183425 41.389408)
Estabanell y Pahisa;VIA PUBLICA (codiQR);NORMAL;Schuko;4160961924;228509905;EP-Seu Estabanell y Pahisa GRN;;;;Carrer Rec, 22-28;Barcelona;8;Granollers;1;cotxe;POINT (2.28509905 41.60961924)
BIMSA;VIA PUBLICA;NORMAL;Schuko;41395304;2153848;Lateral-Muntanya Diagonal (Balmes-Tusset) 1;;;LC049;Avinguda Diagonal, 508-510;Barcelona;8;Barcelona;2;moto;POINT (2.153848 41.395304)
Mercat de Rubí;;NORMAL;Schuko;41488958;20353593;Mercat de Rubí;;;;Carrer Llobateres, 89;Barcelona;8;Rubí;1;;POINT (2.0353593000000005 41.488958)
PETREM;ESTACIÓ DE SERVEI;RAPID;CCS Combo2+ChadeMO+MENNEKES.M;4223124;295607;EdRR E.S. PETREM Santa Llogaia (DC50kW AC44kW);50;AC-DC;;Carretera N-IIa, 1;Girona;17;Santa Llogaia d'Àlguema;2;cotxe;POINT (2.95607 42.23124)
B:SM Serveis Municipals;APARCAMENT PUBLIC;NORMAL;MENNEKES.F+Schuko;41381547;2170166;B:SM 5 - Boqueria;;;BSM001;Carrer de les Floristes de la Rambla-Plaça Gardunya 8S;Barcelona;8;Barcelona;9;cotxe;POINT (2.170166 41.381547)
Institut Català d'Energia i Ajuntament de Sant Cugat del Vallés;VIA PUBLICA;RAPID;CCS Combo2+ChadeMO+MENNEKES.M;414752;20817;EdRR Sant Cugat -Raül Romeva- QR (DC50kW AC43kW);50;AC-DC;PIRVEC-7;Carrer de la Mina, 9;Barcelona;8;Sant Cugat del Vallès;2;cotxe;POINT (2.0817000000000005 41.47520000000001)
Endesa;VIA PUBLICA;NORMAL;Schuko;41423615;2179456;11 AjBCN-Endesa Garcilaso;;;LC019;Carrer de Garcilaso, 204;Barcelona;8;Barcelona;2;moto;POINT (2.179456 41.423615)
REGESA;APARCAMENT CC;NORMAL;Schuko;41363926804;2127766612;CC BCN-Francesc Macià;;;;Carrer Francesc Macià;Barcelona;8;L'Hospitalet de Llobregat;2;;POINT (2.127766612 41.363926804)
BIMSA;VIA PUBLICA;NORMAL;Schuko;41393228;2145784;Lateral-Muntanya Diagonal (Travessera Gràcia) 2;;;LC048;Avinguda Diagonal, 598;Barcelona;8;Barcelona;2;moto;POINT (2.145784 41.393228)
Ajuntament de  El Masnou;VIA PUBLICA;NORMAL;Schuko;414821;23229;Ajuntament de El Masnou 2;;;;Carrer Fontanils, 122;Barcelona;8;El Masnou;1;cotxe o moto;POINT (2.3229 41.4821)
;VIA PUBLICA;semiRAPID;2xMENNEKES.F;4179012;278023;EdRsR Vidreres (AC22kW);22;AC;;Carrer Costa Brava, 123;Girona;17;Vidreres;2;cotxe;POINT (2.7802300000000004 41.79012)
;;NORMAL;MENNEKES.F;4178624;12874;Aparcament illa Guissona;;;;Carrer Montsec, 7;Lleida;17;Guissona;1;cotxe i moto;POINT (1.2874 41.78624)
;;NORMAL;Schuko;4156035;200633;Plaça Progrés-Motos;;;;Carrer Arquimedes, 142;Barcelona;8;Terrassa;2;cotxe;POINT (2.00633 41.56035)
;;NORMAL;MENNEKES.M;4140323;217113;Aparcament Sicilia;;;;Carrer de Sicilia, 257;Barcelona;8;Barcelona;2;;POINT (2.17113 41.40323)
B:SM Serveis Municipals;APARCAMENT PUBLIC;NORMAL;MENNEKES.F+Schuko;41406731;2133691;B:SM 27 - Plaça Bonanova;;;BSM005;Plaça de la Bonanova, 12;Barcelona;8;Barcelona;4;cotxe i moto;POINT (2.133691 41.406731)
Institut Català d'Energia i Ajuntament de Tremp;;semiRAPID;2xMENNEKES.F;4216805;89549;EdRsR Tremp (AC22kW) PIRVEC-28;22;AC;PIRVEC-28;Plaça Capdevila, 21;Lleida;25;Tremp;2;;POINT (0.8954900000000001 42.16805)
Institut Català d'Energia i Ajuntament de Figueres;;RAPID;CCS Combo2+ChadeMO+MENNEKES.M;4226886;296692;EdRR Figueres 2 -Josep Tarradellas- (DC50kW AC43kW) PIRVEC-19;50;AC-DC;PIRVEC-19;Plaça President Josep Tarradellas, 15;Girona;17;Figueres;2;;POINT (2.96692 42.268860000000004)
Port Aventura;APARCAMENT PORT AVENTURA;NORMAL;MENNEKES.F+Schuko;41087507;1152312;Aparcament Port Aventura World;;;;Avinguda Pere Molas;Tarragona;43;Salou;2;cotxe i moto;POINT (1.152312 41.087507)
;;semiRAPID i NORMAL;MENNEKES.F + Schuko;4174441;18054;EdRsR Vilatorrada (AC22kW);22;AC;;Carrer Major, 54;Barcelona;8;Sant Joan de Vilatorrada;;;POINT (1.8054 41.74441)
Hotel Estela;HOTEL;NORMAL;Schuko;41235620309;1826850541;Hotel Estela;;;;Avinguda  Port d'Aiguadolç, 8;Barcelona;8;Sitges;1;moto;POINT (1.8268505409999998 41.235620309)
;;;2xMENNEKES.F;4188489;287476;EdRsR Cassà de la Selva (AC22kW);22;AC;;Rambla Onze de Setembre, 107;Girona;17;Cassà de la Selva;;;POINT (2.87476 41.88489)
Institut Català d'Energia i Ajuntament de Mataró;;semiRAPID;CCS Combo2+ChadeMO+MENNEKES.F;415379;245285;EdRsR Marítim Mataró (DC25kW AC25kW);22;AC-DC;;Passeig del Callao, 220;Barcelona;8;Mataró;2;;POINT (2.45285 41.5379)
Ajuntament de Banyoles;VIA PUBLICA;NORMAL;Schuko;42119119;2764798;Plaça Servites- Museu Darder;;;;Carrer Josep Maria Bohigas, 11;Girona;17;Banyoles;1;cotxe i moto;POINT (2.764798 42.119119)
SABA;APARCAMENT PUBLIC;NORMAL;Schuko;41391895;2169057;76 SABA Diputació;;;;Carrer de la Diputació, 286;Barcelona;8;Barcelona;2;cotxe;POINT (2.169057 41.391895)
IBIL;APARCAMENT CC (IBIL);semiRAPID i NORMAL;MENNEKES+Schuko;41508264;2138665;IBIL-CC Baricentro (11kW);11;AC;;Carretera N-150 km 6,7  (Pstg.Sagrera);Barcelona;8;Barberà del Vallès;2;cotxe i moto;POINT (2.138665 41.508264)
Institut Català d'Energia i Ajuntament de Puigcerdà;;RAPID;CCS Combo2+ChadeMO+MENNEKES.M;4242681;192922;EdRR Puigcerdà (DC50kW AC43kW) PIRVEC-20;50;AC-DC;PIRVEC-20;Camí d'Age, 21;Girona;17;Puigcerdà;2;;POINT (1.92922 42.42681)
La Roca Village;APARCAMENT;semiRAPID i NORMAL;MENNEKES.F+Schuko;4161369;234549;CC La Roca Village Aparcament (11kW);11;AC;;P.I. Can Massaguer Nord;Barcelona;8;La Roca del Vallès;2;cotxe i moto;POINT (2.34549 41.61369)
B:SM Serveis Municipals;APARCAMENT PUBLIC;NORMAL;MENNEKES.F+Schuko;41372299;2153134;B:SM 35 - Rius i Taulet;;;BSM016;Avinguda  de Rius i Taulet, 4-12;Barcelona;8;Barcelona;6;cotxe i moto;POINT (2.153134 41.372299)
Endesa;VIA PUBLICA;NORMAL;Schuko;41389255;2161321;28 AjBCN-Endesa-Aragó-Pl.Letamendi;;;LC008;Plaça del Dr. Letamendi, 30-33;Barcelona;8;Barcelona;2;moto;POINT (2.161321 41.389255)
;;NORMAL;Schuko;4156064;20059;Aparcament Plaça Progrés;;;;Plaça del Progrés, 8;Barcelona;8;Terrassa;4;cotxe i moto;POINT (2.0059 41.56064)
